,cash_type,card,money,coffee_name,day,month,year,hour,minute,second
0,card,ANON-0000-0000-0001,38.7,Latte,1,3,2024,10,15,50
1,card,ANON-0000-0000-0002,38.7,Hot Chocolate,1,3,2024,12,19,22
2,card,ANON-0000-0000-0002,38.7,Hot Chocolate,1,3,2024,12,20,18
3,card,ANON-0000-0000-0003,28.9,Americano,1,3,2024,13,46,33
4,card,ANON-0000-0000-0004,38.7,Latte,1,3,2024,13,48,14
5,card,ANON-0000-0000-0005,33.8,Americano with Milk,1,3,2024,15,39,47
6,card,ANON-0000-0000-0006,38.7,Hot Chocolate,1,3,2024,16,19,2
7,card,ANON-0000-0000-0007,33.8,Americano with Milk,1,3,2024,18,39,3
8,card,ANON-0000-0000-0008,38.7,Cocoa,1,3,2024,19,22,1
9,card,ANON-0000-0000-0008,33.8,Americano with Milk,1,3,2024,19,23,15
10,card,ANON-0000-0000-0009,33.8,Americano with Milk,1,3,2024,19,29,17
11,card,ANON-0000-0000-0010,28.9,Americano,2,3,2024,10,22,6
12,cash,ANON-0000-0000-0010,40.0,Latte,2,3,2024,10,30,35
13,card,ANON-0000-0000-0011,33.8,Americano with Milk,2,3,2024,10,41,41
14,card,ANON-0000-0000-0012,33.8,Americano with Milk,2,3,2024,11,59,45
15,card,ANON-0000-0000-0013,28.9,Americano,2,3,2024,14,38,35
16,card,ANON-0000-0000-0014,33.8,Americano with Milk,2,3,2024,16,37,24
17,card,ANON-0000-0000-0004,28.9,Americano,2,3,2024,17,34,54
18,cash,ANON-0000-0000-0004,40.0,Latte,3,3,2024,10,10,43
19,card,ANON-0000-0000-0015,38.7,Latte,3,3,2024,10,27,18
20,card,ANON-0000-0000-0016,28.9,Cortado,3,3,2024,11,33,56
21,card,ANON-0000-0000-0012,28.9,Americano,3,3,2024,12,26,56
22,card,ANON-0000-0000-0017,38.7,Hot Chocolate,3,3,2024,13,9,36
23,card,ANON-0000-0000-0018,38.7,Cocoa,3,3,2024,17,6,40
24,card,ANON-0000-0000-0019,28.9,Cortado,3,3,2024,17,8,45
25,card,ANON-0000-0000-0020,33.8,Americano with Milk,3,3,2024,18,3,23
26,card,ANON-0000-0000-0020,33.8,Americano with Milk,3,3,2024,18,4,27
27,card,ANON-0000-0000-0020,38.7,Hot Chocolate,3,3,2024,18,8,4
28,card,ANON-0000-0000-0001,38.7,Latte,4,3,2024,10,3,51
29,card,ANON-0000-0000-0021,38.7,Latte,4,3,2024,10,54,50
30,card,ANON-0000-0000-0012,33.8,Americano with Milk,4,3,2024,11,5,16
31,card,ANON-0000-0000-0022,24.0,Espresso,4,3,2024,14,4,37
32,card,ANON-0000-0000-0001,38.7,Latte,5,3,2024,9,59,52
33,card,ANON-0000-0000-0023,38.7,Latte,5,3,2024,14,34,55
34,card,ANON-0000-0000-0024,38.7,Latte,5,3,2024,17,34,6
35,card,ANON-0000-0000-0025,38.7,Hot Chocolate,5,3,2024,17,35,25
36,card,ANON-0000-0000-0026,38.7,Cocoa,5,3,2024,17,36,28
37,card,ANON-0000-0000-0027,38.7,Hot Chocolate,5,3,2024,17,37,13
38,card,ANON-0000-0000-0009,38.7,Hot Chocolate,5,3,2024,17,38,9
39,card,ANON-0000-0000-0028,28.9,Cortado,5,3,2024,17,56,15
40,card,ANON-0000-0000-0028,38.7,Hot Chocolate,5,3,2024,18,1,31
41,cash,ANON-0000-0000-0028,35.0,Americano with Milk,6,3,2024,12,30,27
42,card,ANON-0000-0000-0012,28.9,Americano,6,3,2024,13,24,7
43,card,ANON-0000-0000-0012,28.9,Cortado,6,3,2024,13,25,14
44,card,ANON-0000-0000-0029,38.7,Cappuccino,6,3,2024,14,52,1
45,card,ANON-0000-0000-0029,38.7,Cappuccino,6,3,2024,14,53,18
46,cash,ANON-0000-0000-0029,40.0,Latte,7,3,2024,10,8,58
47,card,ANON-0000-0000-0030,38.7,Hot Chocolate,7,3,2024,10,18,40
48,card,ANON-0000-0000-0031,38.7,Latte,7,3,2024,11,3,58
49,cash,ANON-0000-0000-0031,40.0,Latte,7,3,2024,11,25,43
50,card,ANON-0000-0000-0032,28.9,Americano,7,3,2024,15,40,22
51,card,ANON-0000-0000-0033,33.8,Americano with Milk,7,3,2024,15,41,28
52,card,ANON-0000-0000-0012,28.9,Cortado,8,3,2024,10,34,41
53,card,ANON-0000-0000-0034,38.7,Cappuccino,8,3,2024,12,22,28
54,card,ANON-0000-0000-0035,28.9,Americano,8,3,2024,13,53,2
55,card,ANON-0000-0000-0012,28.9,Americano,8,3,2024,14,44,12
56,card,ANON-0000-0000-0033,28.9,Americano,8,3,2024,14,45,11
57,card,ANON-0000-0000-0012,33.8,Americano with Milk,8,3,2024,14,46,11
58,card,ANON-0000-0000-0036,38.7,Latte,8,3,2024,18,57,51
59,card,ANON-0000-0000-0037,38.7,Latte,8,3,2024,18,59,24
60,cash,ANON-0000-0000-0037,40.0,Hot Chocolate,9,3,2024,11,49,37
61,card,ANON-0000-0000-0038,24.0,Espresso,9,3,2024,12,5,15
62,card,ANON-0000-0000-0039,28.9,Americano,9,3,2024,12,7,38
63,card,ANON-0000-0000-0012,38.7,Cappuccino,9,3,2024,12,9,47
64,card,ANON-0000-0000-0040,28.9,Americano,9,3,2024,12,13,3
65,card,ANON-0000-0000-0040,28.9,Americano,9,3,2024,12,14,26
66,card,ANON-0000-0000-0041,38.7,Latte,9,3,2024,13,9,22
67,card,ANON-0000-0000-0042,33.8,Americano with Milk,9,3,2024,13,41,6
68,card,ANON-0000-0000-0043,28.9,Cortado,9,3,2024,13,53,10
69,card,ANON-0000-0000-0043,38.7,Cappuccino,9,3,2024,13,54,36
70,card,ANON-0000-0000-0009,33.8,Americano with Milk,9,3,2024,14,8,1
71,card,ANON-0000-0000-0044,38.7,Hot Chocolate,9,3,2024,14,26,52
72,card,ANON-0000-0000-0009,38.7,Cappuccino,9,3,2024,19,17,57
73,card,ANON-0000-0000-0009,38.7,Hot Chocolate,9,3,2024,19,19,10
74,cash,ANON-0000-0000-0009,30.0,Americano,10,3,2024,7,44,18
75,cash,ANON-0000-0000-0009,35.0,Americano with Milk,10,3,2024,7,45,29
76,cash,ANON-0000-0000-0009,40.0,Latte,10,3,2024,10,6,2
77,card,ANON-0000-0000-0045,24.0,Espresso,10,3,2024,11,19,20
78,cash,ANON-0000-0000-0045,35.0,Americano with Milk,10,3,2024,17,51,3
79,card,ANON-0000-0000-0046,38.7,Latte,10,3,2024,19,34,0
80,card,ANON-0000-0000-0046,28.9,Cortado,10,3,2024,19,35,54
81,cash,ANON-0000-0000-0046,40.0,Latte,11,3,2024,10,18,46
82,cash,ANON-0000-0000-0046,40.0,Cappuccino,11,3,2024,11,24,15
83,cash,ANON-0000-0000-0046,30.0,Cortado,11,3,2024,11,24,51
84,cash,ANON-0000-0000-0046,30.0,Americano,11,3,2024,11,26,44
85,card,ANON-0000-0000-0035,38.7,Cappuccino,11,3,2024,11,32,58
86,card,ANON-0000-0000-0047,28.9,Americano,11,3,2024,16,24,26
87,card,ANON-0000-0000-0047,38.7,Latte,11,3,2024,16,25,45
88,card,ANON-0000-0000-0048,28.9,Cortado,11,3,2024,16,50,49
89,cash,ANON-0000-0000-0048,40.0,Latte,12,3,2024,10,15,0
90,card,ANON-0000-0000-0033,28.9,Americano,12,3,2024,10,15,34
91,card,ANON-0000-0000-0033,28.9,Cortado,12,3,2024,10,16,24
92,card,ANON-0000-0000-0049,38.7,Hot Chocolate,12,3,2024,11,20,45
93,card,ANON-0000-0000-0004,33.8,Americano with Milk,12,3,2024,12,46,23
94,card,ANON-0000-0000-0004,28.9,Americano,12,3,2024,12,47,26
95,card,ANON-0000-0000-0050,28.9,Americano,12,3,2024,16,15,43
96,card,ANON-0000-0000-0048,38.7,Hot Chocolate,13,3,2024,11,6,43
97,card,ANON-0000-0000-0004,28.9,Americano,13,3,2024,11,48,16
98,card,ANON-0000-0000-0051,28.9,Americano,13,3,2024,12,18,6
99,card,ANON-0000-0000-0051,28.9,Americano,13,3,2024,12,19,5
100,cash,ANON-0000-0000-0051,25.0,Espresso,13,3,2024,12,34,30
101,card,ANON-0000-0000-0052,33.8,Americano with Milk,13,3,2024,14,26,40
102,card,ANON-0000-0000-0053,24.0,Espresso,13,3,2024,15,40,22
103,card,ANON-0000-0000-0053,24.0,Espresso,13,3,2024,15,41,20
104,card,ANON-0000-0000-0054,24.0,Espresso,13,3,2024,16,47,9
105,cash,ANON-0000-0000-0054,40.0,Latte,14,3,2024,10,2,12
106,card,ANON-0000-0000-0055,38.7,Latte,14,3,2024,10,28,33
107,card,ANON-0000-0000-0055,38.7,Hot Chocolate,14,3,2024,10,29,34
108,card,ANON-0000-0000-0012,28.9,Cortado,14,3,2024,13,27,29
109,card,ANON-0000-0000-0012,28.9,Americano,14,3,2024,13,28,24
110,card,ANON-0000-0000-0056,33.8,Americano with Milk,14,3,2024,13,51,59
111,card,ANON-0000-0000-0057,24.0,Espresso,14,3,2024,13,52,56
112,card,ANON-0000-0000-0058,38.7,Latte,14,3,2024,15,20,38
113,card,ANON-0000-0000-0059,33.8,Americano with Milk,14,3,2024,16,4,9
114,card,ANON-0000-0000-0050,24.0,Espresso,14,3,2024,16,54,38
115,card,ANON-0000-0000-0019,38.7,Hot Chocolate,14,3,2024,18,58,55
116,card,ANON-0000-0000-0012,28.9,Cortado,14,3,2024,19,0,8
117,cash,ANON-0000-0000-0012,40.0,Latte,15,3,2024,10,2,16
118,card,ANON-0000-0000-0060,38.7,Hot Chocolate,15,3,2024,10,53,2
119,card,ANON-0000-0000-0012,28.9,Americano,15,3,2024,18,19,27
120,card,ANON-0000-0000-0061,33.8,Americano with Milk,16,3,2024,12,6,55
121,card,ANON-0000-0000-0061,28.9,Americano,16,3,2024,12,7,53
122,card,ANON-0000-0000-0009,28.9,Cortado,16,3,2024,15,58,18
123,card,ANON-0000-0000-0009,28.9,Cortado,16,3,2024,16,3,21
124,card,ANON-0000-0000-0012,28.9,Cortado,16,3,2024,16,4,11
125,card,ANON-0000-0000-0062,33.8,Americano with Milk,16,3,2024,17,58,7
126,cash,ANON-0000-0000-0062,40.0,Latte,17,3,2024,10,10,21
127,card,ANON-0000-0000-0063,28.9,Cortado,17,3,2024,12,55,26
128,card,ANON-0000-0000-0064,28.9,Cortado,18,3,2024,11,17,59
129,card,ANON-0000-0000-0003,28.9,Americano,18,3,2024,15,31,39
130,card,ANON-0000-0000-0003,28.9,Americano,18,3,2024,15,32,38
131,card,ANON-0000-0000-0003,28.9,Americano,18,3,2024,15,33,36
132,cash,ANON-0000-0000-0003,30.0,Cortado,19,3,2024,10,20,25
133,card,ANON-0000-0000-0065,38.7,Latte,19,3,2024,14,2,21
134,card,ANON-0000-0000-0065,38.7,Latte,19,3,2024,14,3,19
135,card,ANON-0000-0000-0049,38.7,Hot Chocolate,19,3,2024,15,4,36
136,card,ANON-0000-0000-0066,33.8,Americano with Milk,19,3,2024,16,53,48
137,cash,ANON-0000-0000-0066,40.0,Hot Chocolate,19,3,2024,19,26,32
138,card,ANON-0000-0000-0012,28.9,Cortado,20,3,2024,11,41,16
139,cash,ANON-0000-0000-0012,40.0,Latte,20,3,2024,12,21,7
140,card,ANON-0000-0000-0049,28.9,Cortado,20,3,2024,12,30,48
141,card,ANON-0000-0000-0067,38.7,Cappuccino,20,3,2024,13,16,47
142,card,ANON-0000-0000-0050,38.7,Cocoa,20,3,2024,16,42,38
143,card,ANON-0000-0000-0068,38.7,Latte,20,3,2024,17,50,28
144,cash,ANON-0000-0000-0068,40.0,Cappuccino,21,3,2024,10,18,56
145,card,ANON-0000-0000-0012,28.9,Cortado,21,3,2024,12,25,9
146,card,ANON-0000-0000-0012,38.7,Cappuccino,21,3,2024,12,26,17
147,cash,ANON-0000-0000-0012,30.0,Americano,21,3,2024,17,21,1
148,card,ANON-0000-0000-0012,28.9,Cortado,21,3,2024,17,22,1
149,card,ANON-0000-0000-0069,38.7,Latte,21,3,2024,19,20,36
150,card,ANON-0000-0000-0070,33.8,Americano with Milk,22,3,2024,10,35,53
151,card,ANON-0000-0000-0071,33.8,Americano with Milk,22,3,2024,13,29,20
152,cash,ANON-0000-0000-0071,40.0,Cappuccino,22,3,2024,16,15,14
153,card,ANON-0000-0000-0012,28.9,Americano,22,3,2024,17,17,3
154,card,ANON-0000-0000-0012,24.0,Espresso,22,3,2024,17,17,58
155,card,ANON-0000-0000-0050,28.9,Americano,22,3,2024,17,20,49
156,card,ANON-0000-0000-0072,38.7,Latte,23,3,2024,10,43,59
157,card,ANON-0000-0000-0073,33.8,Americano with Milk,23,3,2024,10,45,7
158,card,ANON-0000-0000-0074,38.7,Cappuccino,23,3,2024,13,10,7
159,card,ANON-0000-0000-0074,38.7,Cocoa,23,3,2024,13,11,12
160,card,ANON-0000-0000-0075,33.8,Americano with Milk,23,3,2024,14,44,41
161,card,ANON-0000-0000-0076,38.7,Latte,23,3,2024,15,47,19
162,card,ANON-0000-0000-0076,33.8,Americano with Milk,23,3,2024,15,49,33
163,card,ANON-0000-0000-0009,28.9,Cortado,23,3,2024,16,0,58
164,cash,ANON-0000-0000-0009,40.0,Latte,24,3,2024,10,3,56
165,card,ANON-0000-0000-0077,38.7,Latte,24,3,2024,18,45,8
166,card,ANON-0000-0000-0009,38.7,Latte,25,3,2024,10,31,47
167,cash,ANON-0000-0000-0009,35.0,Americano with Milk,25,3,2024,11,16,25
168,card,ANON-0000-0000-0078,38.7,Latte,25,3,2024,14,27,9
169,card,ANON-0000-0000-0017,38.7,Latte,25,3,2024,14,29,25
170,card,ANON-0000-0000-0024,33.8,Americano with Milk,25,3,2024,18,37,30
171,card,ANON-0000-0000-0079,38.7,Cappuccino,25,3,2024,19,34,24
172,card,ANON-0000-0000-0055,38.7,Cocoa,26,3,2024,10,35,49
173,card,ANON-0000-0000-0055,38.7,Latte,26,3,2024,10,36,36
174,card,ANON-0000-0000-0080,38.7,Latte,26,3,2024,10,42,30
175,card,ANON-0000-0000-0009,28.9,Cortado,26,3,2024,11,11,47
176,card,ANON-0000-0000-0003,28.9,Americano,26,3,2024,13,35,52
177,card,ANON-0000-0000-0032,28.9,Cortado,26,3,2024,13,36,49
178,card,ANON-0000-0000-0059,28.9,Cortado,26,3,2024,13,37,59
179,card,ANON-0000-0000-0050,28.9,Americano,26,3,2024,13,57,53
180,card,ANON-0000-0000-0081,38.7,Latte,26,3,2024,15,48,2
181,card,ANON-0000-0000-0024,38.7,Latte,26,3,2024,18,33,38
182,card,ANON-0000-0000-0009,38.7,Hot Chocolate,26,3,2024,18,34,54
183,card,ANON-0000-0000-0003,28.9,Cortado,27,3,2024,11,4,51
184,card,ANON-0000-0000-0003,33.8,Americano with Milk,27,3,2024,11,5,58
185,card,ANON-0000-0000-0082,33.8,Americano with Milk,27,3,2024,12,57,0
186,card,ANON-0000-0000-0083,38.7,Hot Chocolate,27,3,2024,13,35,20
187,card,ANON-0000-0000-0012,38.7,Cappuccino,27,3,2024,14,22,31
188,card,ANON-0000-0000-0012,28.9,Americano,27,3,2024,14,23,35
189,card,ANON-0000-0000-0084,28.9,Cortado,27,3,2024,18,30,11
190,cash,ANON-0000-0000-0084,40.0,Latte,27,3,2024,19,31,12
191,card,ANON-0000-0000-0085,28.9,Cortado,28,3,2024,14,24,47
192,card,ANON-0000-0000-0012,28.9,Cortado,28,3,2024,17,24,46
193,card,ANON-0000-0000-0012,28.9,Americano,28,3,2024,17,27,5
194,card,ANON-0000-0000-0086,38.7,Latte,28,3,2024,17,32,44
195,card,ANON-0000-0000-0087,38.7,Latte,29,3,2024,10,56,19
196,card,ANON-0000-0000-0088,38.7,Cappuccino,29,3,2024,12,34,17
197,card,ANON-0000-0000-0088,38.7,Cappuccino,29,3,2024,12,41,32
198,cash,ANON-0000-0000-0088,40.0,Cappuccino,29,3,2024,13,22,44
199,card,ANON-0000-0000-0069,38.7,Latte,30,3,2024,11,59,19
200,cash,ANON-0000-0000-0069,40.0,Cappuccino,30,3,2024,13,49,25
201,card,ANON-0000-0000-0017,38.7,Latte,30,3,2024,16,12,31
202,card,ANON-0000-0000-0009,38.7,Latte,30,3,2024,16,36,40
203,card,ANON-0000-0000-0009,33.8,Americano with Milk,30,3,2024,16,37,57
204,card,ANON-0000-0000-0089,38.7,Cappuccino,31,3,2024,10,40,4
205,cash,ANON-0000-0000-0089,30.0,Americano,31,3,2024,19,36,45
206,card,ANON-0000-0000-0004,28.9,Americano,1,4,2024,10,28,47
207,card,ANON-0000-0000-0004,33.8,Americano with Milk,1,4,2024,10,29,42
208,card,ANON-0000-0000-0004,33.8,Americano with Milk,1,4,2024,10,30,43
209,card,ANON-0000-0000-0009,33.8,Americano with Milk,1,4,2024,11,15,43
210,cash,ANON-0000-0000-0009,40.0,Cappuccino,1,4,2024,17,1,42
211,card,ANON-0000-0000-0024,33.8,Americano with Milk,1,4,2024,18,18,42
212,card,ANON-0000-0000-0090,38.7,Hot Chocolate,1,4,2024,18,45,27
213,card,ANON-0000-0000-0001,38.7,Latte,2,4,2024,10,1,14
214,card,ANON-0000-0000-0003,28.9,Americano,2,4,2024,16,18,34
215,card,ANON-0000-0000-0003,28.9,Cortado,2,4,2024,16,19,28
216,cash,ANON-0000-0000-0003,40.0,Cappuccino,2,4,2024,19,59,31
217,card,ANON-0000-0000-0003,28.9,Cortado,3,4,2024,10,19,13
218,card,ANON-0000-0000-0003,28.9,Americano,3,4,2024,10,20,7
219,card,ANON-0000-0000-0012,38.7,Cappuccino,3,4,2024,13,12,5
220,cash,ANON-0000-0000-0012,30.0,Cortado,3,4,2024,15,36,11
221,card,ANON-0000-0000-0091,38.7,Latte,4,4,2024,10,44,55
222,card,ANON-0000-0000-0092,38.7,Latte,4,4,2024,11,26,38
223,card,ANON-0000-0000-0093,38.7,Cappuccino,4,4,2024,11,27,48
224,card,ANON-0000-0000-0094,28.9,Cortado,4,4,2024,12,23,2
225,cash,ANON-0000-0000-0094,40.0,Latte,4,4,2024,19,42,7
226,card,ANON-0000-0000-0095,28.9,Americano,5,4,2024,10,40,42
227,card,ANON-0000-0000-0012,28.9,Americano,5,4,2024,10,42,6
228,card,ANON-0000-0000-0096,28.9,Cortado,5,4,2024,11,6,14
229,card,ANON-0000-0000-0097,33.8,Americano with Milk,5,4,2024,12,14,27
230,card,ANON-0000-0000-0098,38.7,Latte,5,4,2024,14,23,40
231,card,ANON-0000-0000-0098,28.9,Cortado,5,4,2024,14,24,50
232,cash,ANON-0000-0000-0098,40.0,Latte,5,4,2024,15,30,50
233,cash,ANON-0000-0000-0098,40.0,Cappuccino,5,4,2024,15,54,15
234,cash,ANON-0000-0000-0098,30.0,Americano,5,4,2024,15,55,30
235,cash,ANON-0000-0000-0098,40.0,Cocoa,5,4,2024,16,17,43
236,card,ANON-0000-0000-0003,24.0,Espresso,5,4,2024,16,18,23
237,card,ANON-0000-0000-0099,33.8,Americano with Milk,6,4,2024,12,32,31
238,card,ANON-0000-0000-0040,38.7,Cappuccino,6,4,2024,14,13,18
239,card,ANON-0000-0000-0040,28.9,Americano,6,4,2024,14,14,27
240,card,ANON-0000-0000-0009,38.7,Latte,6,4,2024,14,49,50
241,card,ANON-0000-0000-0091,38.7,Latte,7,4,2024,10,12,53
242,card,ANON-0000-0000-0040,38.7,Cappuccino,7,4,2024,12,44,31
243,card,ANON-0000-0000-0040,38.7,Cappuccino,7,4,2024,12,46,5
244,card,ANON-0000-0000-0100,28.9,Cortado,7,4,2024,14,16,24
245,card,ANON-0000-0000-0100,24.0,Espresso,7,4,2024,14,17,30
246,card,ANON-0000-0000-0101,38.7,Hot Chocolate,7,4,2024,18,1,16
247,card,ANON-0000-0000-0101,33.8,Americano with Milk,7,4,2024,18,2,3
248,card,ANON-0000-0000-0102,33.8,Americano with Milk,8,4,2024,10,58,21
249,card,ANON-0000-0000-0103,38.7,Cappuccino,8,4,2024,10,59,27
250,card,ANON-0000-0000-0012,28.9,Americano,8,4,2024,11,1,20
251,card,ANON-0000-0000-0104,38.7,Cappuccino,8,4,2024,11,4,47
252,cash,ANON-0000-0000-0104,25.0,Espresso,8,4,2024,12,54,25
253,cash,ANON-0000-0000-0104,35.0,Americano with Milk,8,4,2024,15,43,36
254,card,ANON-0000-0000-0017,38.7,Latte,8,4,2024,16,41,37
255,card,ANON-0000-0000-0105,28.9,Americano,8,4,2024,18,18,9
256,card,ANON-0000-0000-0024,33.8,Americano with Milk,8,4,2024,19,22,27
257,card,ANON-0000-0000-0106,38.7,Cappuccino,8,4,2024,19,23,59
258,cash,ANON-0000-0000-0106,40.0,Cappuccino,9,4,2024,10,22,27
259,cash,ANON-0000-0000-0106,30.0,Americano,9,4,2024,10,24,10
260,card,ANON-0000-0000-0091,38.7,Latte,9,4,2024,11,42,28
261,card,ANON-0000-0000-0107,38.7,Hot Chocolate,9,4,2024,15,11,48
262,card,ANON-0000-0000-0049,38.7,Hot Chocolate,9,4,2024,17,25,23
263,cash,ANON-0000-0000-0049,25.0,Espresso,10,4,2024,10,21,26
264,cash,ANON-0000-0000-0049,40.0,Hot Chocolate,10,4,2024,17,55,7
265,card,ANON-0000-0000-0108,24.0,Espresso,10,4,2024,17,55,31
266,card,ANON-0000-0000-0009,38.7,Cappuccino,10,4,2024,18,24,59
267,card,ANON-0000-0000-0109,38.7,Latte,10,4,2024,20,4,5
268,card,ANON-0000-0000-0110,28.9,Americano,11,4,2024,10,41,23
269,card,ANON-0000-0000-0110,28.9,Americano,11,4,2024,10,42,59
270,card,ANON-0000-0000-0017,38.7,Latte,11,4,2024,16,35,23
271,card,ANON-0000-0000-0106,38.7,Cappuccino,11,4,2024,19,16,56
272,card,ANON-0000-0000-0024,33.8,Americano with Milk,11,4,2024,19,18,36
273,card,ANON-0000-0000-0019,38.7,Hot Chocolate,12,4,2024,19,3,43
274,card,ANON-0000-0000-0009,28.9,Cortado,12,4,2024,19,38,23
275,card,ANON-0000-0000-0009,38.7,Latte,13,4,2024,12,29,19
276,card,ANON-0000-0000-0012,28.9,Americano,13,4,2024,12,43,2
277,cash,ANON-0000-0000-0012,40.0,Hot Chocolate,13,4,2024,15,6,52
278,cash,ANON-0000-0000-0012,40.0,Hot Chocolate,13,4,2024,15,7,55
279,card,ANON-0000-0000-0111,38.7,Cappuccino,13,4,2024,16,18,3
280,card,ANON-0000-0000-0111,38.7,Latte,13,4,2024,16,19,39
281,card,ANON-0000-0000-0112,38.7,Cappuccino,13,4,2024,17,51,26
282,card,ANON-0000-0000-0012,38.7,Cappuccino,13,4,2024,17,53,19
283,cash,ANON-0000-0000-0012,40.0,Latte,14,4,2024,10,55,27
284,card,ANON-0000-0000-0113,38.7,Cappuccino,14,4,2024,12,24,39
285,cash,ANON-0000-0000-0113,30.0,Cortado,14,4,2024,12,27,8
286,cash,ANON-0000-0000-0113,30.0,Cortado,14,4,2024,12,29,6
287,cash,ANON-0000-0000-0113,35.0,Americano with Milk,14,4,2024,12,31,36
288,card,ANON-0000-0000-0114,28.9,Cortado,14,4,2024,13,21,49
289,card,ANON-0000-0000-0012,28.9,Americano,14,4,2024,14,23,31
290,card,ANON-0000-0000-0012,28.9,Americano,14,4,2024,14,24,26
291,card,ANON-0000-0000-0012,28.9,Americano,14,4,2024,14,25,18
292,card,ANON-0000-0000-0017,38.7,Cappuccino,14,4,2024,15,46,27
293,card,ANON-0000-0000-0012,28.9,Cortado,14,4,2024,16,59,54
294,card,ANON-0000-0000-0019,38.7,Latte,14,4,2024,17,0,45
295,card,ANON-0000-0000-0115,38.7,Cappuccino,14,4,2024,18,38,19
296,card,ANON-0000-0000-0064,28.9,Americano,15,4,2024,11,45,24
297,card,ANON-0000-0000-0003,28.9,Americano,15,4,2024,17,1,46
298,card,ANON-0000-0000-0004,33.8,Americano with Milk,15,4,2024,17,2,49
299,card,ANON-0000-0000-0009,33.8,Americano with Milk,15,4,2024,19,33,3
300,cash,ANON-0000-0000-0009,25.0,Espresso,15,4,2024,19,41,58
301,cash,ANON-0000-0000-0009,35.0,Americano with Milk,16,4,2024,10,43,49
302,card,ANON-0000-0000-0116,33.8,Americano with Milk,16,4,2024,10,46,25
303,card,ANON-0000-0000-0117,38.7,Cocoa,16,4,2024,12,40,47
304,card,ANON-0000-0000-0064,28.9,Cortado,16,4,2024,12,52,7
305,card,ANON-0000-0000-0118,28.9,Americano,16,4,2024,15,3,16
306,card,ANON-0000-0000-0024,33.8,Americano with Milk,16,4,2024,17,42,4
307,card,ANON-0000-0000-0009,38.7,Cappuccino,16,4,2024,17,43,22
308,card,ANON-0000-0000-0050,38.7,Cocoa,16,4,2024,18,9,5
309,card,ANON-0000-0000-0012,28.9,Americano,17,4,2024,13,32,59
310,card,ANON-0000-0000-0119,24.0,Espresso,17,4,2024,13,44,0
311,cash,ANON-0000-0000-0119,40.0,Cappuccino,17,4,2024,16,13,24
312,card,ANON-0000-0000-0120,38.7,Cappuccino,17,4,2024,17,1,35
313,card,ANON-0000-0000-0120,38.7,Cappuccino,17,4,2024,17,2,40
314,card,ANON-0000-0000-0121,28.9,Cortado,17,4,2024,18,14,3
315,card,ANON-0000-0000-0003,28.9,Americano,18,4,2024,11,19,1
316,card,ANON-0000-0000-0003,28.9,Americano,18,4,2024,11,20,5
317,card,ANON-0000-0000-0122,33.8,Americano with Milk,18,4,2024,13,49,12
318,card,ANON-0000-0000-0122,28.9,Cortado,18,4,2024,13,50,17
319,card,ANON-0000-0000-0123,38.7,Cappuccino,18,4,2024,14,34,19
320,card,ANON-0000-0000-0123,38.7,Latte,18,4,2024,14,35,49
321,card,ANON-0000-0000-0069,38.7,Latte,18,4,2024,17,44,15
322,card,ANON-0000-0000-0085,38.7,Cappuccino,18,4,2024,18,21,5
323,card,ANON-0000-0000-0024,38.7,Hot Chocolate,18,4,2024,19,39,51
324,card,ANON-0000-0000-0009,38.7,Hot Chocolate,18,4,2024,19,40,48
325,card,ANON-0000-0000-0001,38.7,Latte,19,4,2024,10,10,36
326,card,ANON-0000-0000-0040,33.8,Americano with Milk,19,4,2024,13,11,47
327,card,ANON-0000-0000-0040,38.7,Cappuccino,19,4,2024,13,13,20
328,card,ANON-0000-0000-0124,38.7,Hot Chocolate,19,4,2024,13,58,54
329,card,ANON-0000-0000-0124,38.7,Cappuccino,19,4,2024,13,59,49
330,card,ANON-0000-0000-0024,38.7,Cocoa,19,4,2024,18,23,19
331,card,ANON-0000-0000-0009,33.8,Americano with Milk,19,4,2024,18,25,33
332,cash,ANON-0000-0000-0009,35.0,Americano with Milk,20,4,2024,11,24,42
333,card,ANON-0000-0000-0125,33.8,Americano with Milk,20,4,2024,12,8,35
334,card,ANON-0000-0000-0125,33.8,Americano with Milk,20,4,2024,12,9,42
335,card,ANON-0000-0000-0118,28.9,Americano,20,4,2024,13,8,37
336,card,ANON-0000-0000-0118,33.8,Americano with Milk,20,4,2024,13,9,47
337,card,ANON-0000-0000-0118,38.7,Hot Chocolate,20,4,2024,13,10,55
338,card,ANON-0000-0000-0040,38.7,Cappuccino,20,4,2024,14,44,18
339,card,ANON-0000-0000-0009,33.8,Americano with Milk,20,4,2024,15,11,0
340,card,ANON-0000-0000-0012,32.82,Americano with Milk,20,4,2024,15,22,40
341,card,ANON-0000-0000-0126,32.82,Americano with Milk,20,4,2024,15,49,25
342,cash,ANON-0000-0000-0126,39.0,Cocoa,20,4,2024,17,7,57
343,card,ANON-0000-0000-0127,37.72,Cappuccino,20,4,2024,18,27,41
344,card,ANON-0000-0000-0127,37.72,Cappuccino,20,4,2024,18,28,46
345,card,ANON-0000-0000-0128,37.72,Latte,20,4,2024,19,30,55
346,card,ANON-0000-0000-0001,37.72,Latte,21,4,2024,11,16,45
347,card,ANON-0000-0000-0099,27.92,Americano,21,4,2024,14,15,37
348,cash,ANON-0000-0000-0099,39.0,Cappuccino,21,4,2024,17,9,3
349,card,ANON-0000-0000-0012,27.92,Americano,22,4,2024,11,9,16
350,card,ANON-0000-0000-0129,32.82,Americano with Milk,22,4,2024,11,29,27
351,cash,ANON-0000-0000-0129,39.0,Latte,22,4,2024,18,40,33
352,card,ANON-0000-0000-0009,37.72,Latte,22,4,2024,19,39,4
353,cash,ANON-0000-0000-0009,39.0,Cappuccino,22,4,2024,20,2,29
354,card,ANON-0000-0000-0025,37.72,Cappuccino,23,4,2024,14,22,35
355,card,ANON-0000-0000-0024,32.82,Americano with Milk,23,4,2024,14,23,53
356,card,ANON-0000-0000-0009,37.72,Cappuccino,23,4,2024,14,24,57
357,card,ANON-0000-0000-0130,32.82,Americano with Milk,23,4,2024,19,42,27
358,card,ANON-0000-0000-0130,32.82,Americano with Milk,23,4,2024,19,43,26
359,card,ANON-0000-0000-0001,37.72,Latte,24,4,2024,10,19,38
360,card,ANON-0000-0000-0131,32.82,Americano with Milk,24,4,2024,10,21,27
361,card,ANON-0000-0000-0132,32.82,Americano with Milk,24,4,2024,11,23,46
362,card,ANON-0000-0000-0133,32.82,Americano with Milk,24,4,2024,11,33,26
363,card,ANON-0000-0000-0059,32.82,Americano with Milk,24,4,2024,12,39,9
364,card,ANON-0000-0000-0009,32.82,Americano with Milk,24,4,2024,16,39,7
365,card,ANON-0000-0000-0134,32.82,Americano with Milk,24,4,2024,19,39,49
366,card,ANON-0000-0000-0134,37.72,Cappuccino,24,4,2024,19,40,54
367,card,ANON-0000-0000-0135,27.92,Americano,25,4,2024,10,46,8
368,card,ANON-0000-0000-0009,37.72,Latte,25,4,2024,15,18,26
369,card,ANON-0000-0000-0012,27.92,Americano,25,4,2024,17,9,43
370,card,ANON-0000-0000-0012,27.92,Americano,25,4,2024,17,10,49
371,card,ANON-0000-0000-0001,37.72,Latte,26,4,2024,10,12,50
372,card,ANON-0000-0000-0136,37.72,Latte,26,4,2024,12,1,30
373,card,ANON-0000-0000-0137,37.72,Cappuccino,26,4,2024,13,31,28
374,card,ANON-0000-0000-0012,27.92,Americano,26,4,2024,15,32,35
375,card,ANON-0000-0000-0012,27.92,Americano,26,4,2024,15,33,33
376,card,ANON-0000-0000-0138,27.92,Cortado,26,4,2024,16,23,26
377,card,ANON-0000-0000-0139,27.92,Americano,26,4,2024,16,24,33
378,card,ANON-0000-0000-0009,37.72,Hot Chocolate,26,4,2024,19,32,7
379,card,ANON-0000-0000-0009,37.72,Cocoa,26,4,2024,19,33,30
380,card,ANON-0000-0000-0009,37.72,Cappuccino,27,4,2024,15,27,0
381,card,ANON-0000-0000-0001,37.72,Latte,28,4,2024,10,32,52
382,card,ANON-0000-0000-0140,37.72,Cappuccino,28,4,2024,12,30,9
383,card,ANON-0000-0000-0012,27.92,Americano,28,4,2024,18,27,8
384,card,ANON-0000-0000-0012,27.92,Americano,28,4,2024,18,28,11
385,card,ANON-0000-0000-0019,37.72,Latte,28,4,2024,18,29,2
386,card,ANON-0000-0000-0141,27.92,Cortado,29,4,2024,11,26,31
387,card,ANON-0000-0000-0003,27.92,Americano,29,4,2024,13,27,56
388,card,ANON-0000-0000-0003,27.92,Cortado,29,4,2024,13,28,53
389,card,ANON-0000-0000-0141,27.92,Cortado,29,4,2024,13,53,35
390,card,ANON-0000-0000-0141,32.82,Americano with Milk,29,4,2024,13,54,24
391,card,ANON-0000-0000-0140,37.72,Cappuccino,29,4,2024,18,37,48
392,card,ANON-0000-0000-0134,37.72,Cappuccino,29,4,2024,19,12,33
393,card,ANON-0000-0000-0134,37.72,Cappuccino,29,4,2024,19,13,37
394,card,ANON-0000-0000-0142,37.72,Latte,30,4,2024,10,16,41
395,card,ANON-0000-0000-0142,32.82,Americano with Milk,30,4,2024,10,34,52
396,card,ANON-0000-0000-0142,32.82,Americano with Milk,30,4,2024,10,35,47
397,card,ANON-0000-0000-0142,27.92,Americano,30,4,2024,13,41,52
398,card,ANON-0000-0000-0142,32.82,Americano with Milk,30,4,2024,13,42,59
399,card,ANON-0000-0000-0142,37.72,Cappuccino,30,4,2024,19,19,18
400,card,ANON-0000-0000-0142,32.82,Americano with Milk,30,4,2024,19,30,4
401,card,ANON-0000-0000-0142,37.72,Latte,30,4,2024,19,31,20
402,card,ANON-0000-0000-0143,27.92,Americano,2,5,2024,10,33,55
403,cash,ANON-0000-0000-0143,39.0,Latte,2,5,2024,11,29,57
404,card,ANON-0000-0000-0133,32.82,Americano with Milk,2,5,2024,13,49,39
405,card,ANON-0000-0000-0144,37.72,Cappuccino,2,5,2024,18,36,22
406,card,ANON-0000-0000-0024,32.82,Americano with Milk,2,5,2024,18,41,11
407,card,ANON-0000-0000-0145,37.72,Latte,2,5,2024,19,18,33
408,card,ANON-0000-0000-0145,37.72,Cappuccino,2,5,2024,19,19,56
409,cash,ANON-0000-0000-0145,39.0,Latte,3,5,2024,10,11,53
410,card,ANON-0000-0000-0146,37.72,Latte,3,5,2024,14,30,0
411,card,ANON-0000-0000-0147,37.72,Latte,3,5,2024,17,3,24
412,card,ANON-0000-0000-0148,27.92,Americano,6,5,2024,10,5,17
413,card,ANON-0000-0000-0149,37.72,Cappuccino,6,5,2024,10,6,51
414,card,ANON-0000-0000-0149,32.82,Americano with Milk,6,5,2024,10,8,5
415,card,ANON-0000-0000-0150,27.92,Americano,6,5,2024,10,9,7
416,card,ANON-0000-0000-0141,27.92,Cortado,6,5,2024,10,39,12
417,cash,ANON-0000-0000-0141,29.0,Americano,6,5,2024,11,34,20
418,card,ANON-0000-0000-0148,27.92,Cortado,6,5,2024,13,18,10
419,card,ANON-0000-0000-0148,27.92,Americano,6,5,2024,13,19,0
420,card,ANON-0000-0000-0151,37.72,Cappuccino,6,5,2024,19,18,12
421,card,ANON-0000-0000-0151,37.72,Cappuccino,6,5,2024,19,19,49
422,card,ANON-0000-0000-0148,37.72,Cocoa,7,5,2024,10,44,55
423,card,ANON-0000-0000-0141,27.92,Cortado,7,5,2024,11,21,58
424,card,ANON-0000-0000-0077,27.92,Cortado,7,5,2024,13,23,34
425,card,ANON-0000-0000-0148,37.72,Cocoa,7,5,2024,16,42,7
426,card,ANON-0000-0000-0152,27.92,Americano,7,5,2024,16,55,38
427,card,ANON-0000-0000-0153,37.72,Cappuccino,7,5,2024,17,37,46
428,card,ANON-0000-0000-0153,37.72,Latte,7,5,2024,17,38,48
429,cash,ANON-0000-0000-0153,34.0,Americano with Milk,7,5,2024,18,35,37
430,card,ANON-0000-0000-0154,37.72,Cappuccino,7,5,2024,19,12,12
431,card,ANON-0000-0000-0154,37.72,Cappuccino,7,5,2024,19,13,12
432,card,ANON-0000-0000-0001,37.72,Latte,8,5,2024,10,7,28
433,card,ANON-0000-0000-0155,37.72,Cappuccino,9,5,2024,12,54,21
434,card,ANON-0000-0000-0156,27.92,Americano,9,5,2024,13,3,58
435,card,ANON-0000-0000-0156,37.72,Latte,9,5,2024,13,4,57
436,card,ANON-0000-0000-0156,37.72,Latte,9,5,2024,13,6,11
437,card,ANON-0000-0000-0156,37.72,Latte,9,5,2024,13,7,16
438,card,ANON-0000-0000-0118,27.92,Americano,9,5,2024,16,55,14
439,card,ANON-0000-0000-0118,27.92,Americano,9,5,2024,16,56,14
440,card,ANON-0000-0000-0157,27.92,Americano,9,5,2024,18,1,29
441,card,ANON-0000-0000-0143,32.82,Americano with Milk,9,5,2024,18,13,56
442,cash,ANON-0000-0000-0143,39.0,Latte,10,5,2024,10,9,21
443,card,ANON-0000-0000-0158,37.72,Latte,10,5,2024,15,46,21
444,card,ANON-0000-0000-0158,37.72,Latte,10,5,2024,15,47,32
445,cash,ANON-0000-0000-0158,34.0,Americano with Milk,10,5,2024,16,20,15
446,card,ANON-0000-0000-0069,37.72,Latte,11,5,2024,11,39,52
447,cash,ANON-0000-0000-0069,39.0,Latte,11,5,2024,17,2,43
448,card,ANON-0000-0000-0009,32.82,Americano with Milk,11,5,2024,17,20,30
449,card,ANON-0000-0000-0026,37.72,Cocoa,11,5,2024,17,21,56
450,card,ANON-0000-0000-0040,37.72,Cappuccino,11,5,2024,17,23,57
451,card,ANON-0000-0000-0012,32.82,Americano with Milk,11,5,2024,17,28,54
452,card,ANON-0000-0000-0115,37.72,Cappuccino,11,5,2024,18,35,40
453,card,ANON-0000-0000-0159,37.72,Latte,11,5,2024,19,38,16
454,card,ANON-0000-0000-0001,37.72,Latte,12,5,2024,10,20,42
455,card,ANON-0000-0000-0160,37.72,Latte,12,5,2024,13,24,3
456,card,ANON-0000-0000-0161,27.92,Americano,12,5,2024,13,27,39
457,card,ANON-0000-0000-0077,37.72,Latte,12,5,2024,15,16,19
458,card,ANON-0000-0000-0162,32.82,Americano with Milk,12,5,2024,15,38,2
459,card,ANON-0000-0000-0163,32.82,Americano with Milk,12,5,2024,15,52,14
460,card,ANON-0000-0000-0012,32.82,Americano with Milk,12,5,2024,16,4,21
461,card,ANON-0000-0000-0009,32.82,Americano with Milk,12,5,2024,19,41,30
462,card,ANON-0000-0000-0164,32.82,Americano with Milk,13,5,2024,11,3,53
463,cash,ANON-0000-0000-0164,29.0,Americano,13,5,2024,15,31,10
464,cash,ANON-0000-0000-0164,29.0,Americano,13,5,2024,15,31,50
465,card,ANON-0000-0000-0012,27.92,Americano,14,5,2024,8,38,14
466,card,ANON-0000-0000-0012,27.92,Americano,14,5,2024,8,39,25
467,card,ANON-0000-0000-0012,27.92,Americano,14,5,2024,8,40,17
468,card,ANON-0000-0000-0012,37.72,Cappuccino,14,5,2024,10,19,23
469,card,ANON-0000-0000-0165,37.72,Latte,14,5,2024,11,32,29
470,card,ANON-0000-0000-0165,37.72,Cappuccino,14,5,2024,11,34,12
471,card,ANON-0000-0000-0025,37.72,Cappuccino,14,5,2024,14,4,54
472,card,ANON-0000-0000-0009,32.82,Americano with Milk,14,5,2024,14,6,0
473,card,ANON-0000-0000-0040,27.92,Americano,14,5,2024,15,1,54
474,card,ANON-0000-0000-0166,32.82,Americano with Milk,14,5,2024,16,57,57
475,card,ANON-0000-0000-0166,37.72,Cappuccino,14,5,2024,16,59,10
476,card,ANON-0000-0000-0167,37.72,Hot Chocolate,14,5,2024,22,51,25
477,card,ANON-0000-0000-0168,37.72,Latte,15,5,2024,8,40,5
478,card,ANON-0000-0000-0012,23.02,Espresso,15,5,2024,11,14,19
479,card,ANON-0000-0000-0012,27.92,Americano,15,5,2024,11,19,10
480,card,ANON-0000-0000-0003,27.92,Americano,15,5,2024,13,34,35
481,card,ANON-0000-0000-0003,27.92,Americano,15,5,2024,13,35,29
482,card,ANON-0000-0000-0003,27.92,Americano,15,5,2024,13,36,27
483,card,ANON-0000-0000-0164,32.82,Americano with Milk,15,5,2024,13,55,28
484,cash,ANON-0000-0000-0164,29.0,Americano,15,5,2024,14,38,10
485,card,ANON-0000-0000-0169,27.92,Cortado,15,5,2024,14,38,52
486,card,ANON-0000-0000-0012,27.92,Cortado,15,5,2024,14,39,44
487,card,ANON-0000-0000-0170,23.02,Espresso,15,5,2024,17,28,58
488,card,ANON-0000-0000-0171,37.72,Cappuccino,15,5,2024,20,20,34
489,card,ANON-0000-0000-0097,32.82,Americano with Milk,16,5,2024,10,38,42
490,card,ANON-0000-0000-0172,32.82,Americano with Milk,16,5,2024,10,39,49
491,cash,ANON-0000-0000-0172,39.0,Latte,16,5,2024,11,42,50
492,cash,ANON-0000-0000-0172,39.0,Cappuccino,16,5,2024,11,44,20
493,card,ANON-0000-0000-0173,32.82,Americano with Milk,16,5,2024,12,14,0
494,card,ANON-0000-0000-0174,37.72,Hot Chocolate,16,5,2024,15,15,16
495,card,ANON-0000-0000-0069,37.72,Latte,16,5,2024,17,44,31
496,card,ANON-0000-0000-0175,37.72,Hot Chocolate,16,5,2024,18,12,56
497,card,ANON-0000-0000-0175,37.72,Latte,16,5,2024,18,13,58
498,card,ANON-0000-0000-0033,27.92,Americano,17,5,2024,9,0,48
499,card,ANON-0000-0000-0164,32.82,Americano with Milk,17,5,2024,11,30,27
500,cash,ANON-0000-0000-0164,34.0,Americano with Milk,17,5,2024,14,58,3
501,card,ANON-0000-0000-0012,32.82,Americano with Milk,17,5,2024,19,55,18
502,card,ANON-0000-0000-0009,37.72,Cappuccino,17,5,2024,19,56,46
503,card,ANON-0000-0000-0176,37.72,Cappuccino,17,5,2024,20,37,52
504,card,ANON-0000-0000-0177,27.92,Americano,17,5,2024,22,34,50
505,card,ANON-0000-0000-0178,37.72,Latte,17,5,2024,22,36,33
506,card,ANON-0000-0000-0179,37.72,Latte,17,5,2024,22,37,42
507,card,ANON-0000-0000-0180,37.72,Cappuccino,18,5,2024,8,1,37
508,card,ANON-0000-0000-0180,37.72,Cappuccino,18,5,2024,8,2,39
509,card,ANON-0000-0000-0181,32.82,Americano with Milk,18,5,2024,11,15,56
510,card,ANON-0000-0000-0172,32.82,Americano with Milk,18,5,2024,16,48,29
511,card,ANON-0000-0000-0097,32.82,Americano with Milk,18,5,2024,16,49,27
512,card,ANON-0000-0000-0040,32.82,Americano with Milk,18,5,2024,19,58,44
513,card,ANON-0000-0000-0009,37.72,Latte,18,5,2024,20,22,53
514,cash,ANON-0000-0000-0009,39.0,Cappuccino,18,5,2024,22,5,27
515,card,ANON-0000-0000-0182,27.92,Americano,19,5,2024,7,58,38
516,card,ANON-0000-0000-0182,27.92,Americano,19,5,2024,7,59,33
517,card,ANON-0000-0000-0183,37.72,Cappuccino,19,5,2024,8,0,35
518,cash,ANON-0000-0000-0183,24.0,Espresso,19,5,2024,9,28,49
519,card,ANON-0000-0000-0184,32.82,Americano with Milk,19,5,2024,12,14,26
520,card,ANON-0000-0000-0012,27.92,Americano,19,5,2024,14,43,40
521,card,ANON-0000-0000-0185,32.82,Americano with Milk,19,5,2024,15,58,58
522,card,ANON-0000-0000-0186,32.82,Americano with Milk,19,5,2024,18,12,36
523,card,ANON-0000-0000-0186,23.02,Espresso,19,5,2024,18,13,47
524,card,ANON-0000-0000-0186,37.72,Hot Chocolate,19,5,2024,18,16,30
525,card,ANON-0000-0000-0187,37.72,Cappuccino,19,5,2024,19,51,6
526,card,ANON-0000-0000-0188,37.72,Cappuccino,19,5,2024,21,15,41
527,card,ANON-0000-0000-0189,37.72,Cappuccino,19,5,2024,21,18,36
528,card,ANON-0000-0000-0190,32.82,Americano with Milk,20,5,2024,10,5,59
529,card,ANON-0000-0000-0191,37.72,Latte,20,5,2024,10,17,51
530,card,ANON-0000-0000-0001,37.72,Latte,20,5,2024,10,58,48
531,card,ANON-0000-0000-0143,27.92,Americano,20,5,2024,11,15,16
532,card,ANON-0000-0000-0143,27.92,Americano,20,5,2024,11,16,19
533,card,ANON-0000-0000-0003,27.92,Americano,20,5,2024,13,27,13
534,card,ANON-0000-0000-0003,27.92,Americano,20,5,2024,13,28,10
535,card,ANON-0000-0000-0192,32.82,Americano with Milk,20,5,2024,14,13,19
536,card,ANON-0000-0000-0192,37.72,Cappuccino,20,5,2024,14,14,31
537,cash,ANON-0000-0000-0192,29.0,Americano,20,5,2024,14,32,21
538,card,ANON-0000-0000-0120,37.72,Latte,20,5,2024,17,12,51
539,card,ANON-0000-0000-0193,37.72,Latte,20,5,2024,17,13,56
540,card,ANON-0000-0000-0194,32.82,Americano with Milk,20,5,2024,20,36,48
541,card,ANON-0000-0000-0194,37.72,Cocoa,20,5,2024,20,37,57
542,card,ANON-0000-0000-0195,27.92,Cortado,20,5,2024,20,46,52
543,card,ANON-0000-0000-0012,32.82,Americano with Milk,20,5,2024,21,36,53
544,card,ANON-0000-0000-0012,32.82,Americano with Milk,20,5,2024,21,37,57
545,card,ANON-0000-0000-0196,37.72,Latte,21,5,2024,8,27,38
546,cash,ANON-0000-0000-0196,29.0,Americano,21,5,2024,9,43,50
547,cash,ANON-0000-0000-0196,34.0,Americano with Milk,21,5,2024,9,44,40
548,cash,ANON-0000-0000-0196,39.0,Cocoa,21,5,2024,9,46,9
549,cash,ANON-0000-0000-0196,39.0,Latte,21,5,2024,10,5,8
550,card,ANON-0000-0000-0197,37.72,Latte,21,5,2024,16,10,19
551,card,ANON-0000-0000-0012,23.02,Espresso,21,5,2024,18,13,23
552,card,ANON-0000-0000-0198,37.72,Cappuccino,21,5,2024,19,11,9
553,card,ANON-0000-0000-0199,37.72,Cappuccino,21,5,2024,20,13,48
554,card,ANON-0000-0000-0200,37.72,Cappuccino,22,5,2024,9,34,41
555,card,ANON-0000-0000-0191,32.82,Americano with Milk,22,5,2024,10,49,47
556,card,ANON-0000-0000-0141,27.92,Cortado,22,5,2024,11,18,14
557,card,ANON-0000-0000-0097,32.82,Americano with Milk,22,5,2024,11,34,54
558,card,ANON-0000-0000-0012,27.92,Americano,22,5,2024,12,29,50
559,card,ANON-0000-0000-0012,27.92,Americano,22,5,2024,12,30,43
560,card,ANON-0000-0000-0009,32.82,Americano with Milk,22,5,2024,14,0,20
561,card,ANON-0000-0000-0134,37.72,Cappuccino,22,5,2024,19,24,58
562,card,ANON-0000-0000-0134,37.72,Cappuccino,22,5,2024,19,25,58
563,card,ANON-0000-0000-0180,37.72,Hot Chocolate,22,5,2024,21,23,53
564,card,ANON-0000-0000-0180,37.72,Cappuccino,22,5,2024,21,24,49
565,card,ANON-0000-0000-0201,37.72,Cappuccino,23,5,2024,10,10,19
566,card,ANON-0000-0000-0202,23.02,Espresso,23,5,2024,12,22,6
567,card,ANON-0000-0000-0180,37.72,Cappuccino,23,5,2024,15,55,16
568,card,ANON-0000-0000-0203,37.72,Cappuccino,23,5,2024,15,56,27
569,card,ANON-0000-0000-0180,37.72,Cappuccino,23,5,2024,16,18,14
570,card,ANON-0000-0000-0077,37.72,Latte,23,5,2024,16,41,0
571,card,ANON-0000-0000-0153,37.72,Cappuccino,23,5,2024,17,14,33
572,card,ANON-0000-0000-0153,37.72,Latte,23,5,2024,17,15,44
573,card,ANON-0000-0000-0204,27.92,Cortado,23,5,2024,19,3,53
574,card,ANON-0000-0000-0134,37.72,Cappuccino,23,5,2024,19,17,28
575,card,ANON-0000-0000-0205,37.72,Cappuccino,23,5,2024,19,18,26
576,card,ANON-0000-0000-0206,37.72,Cappuccino,23,5,2024,19,42,31
577,card,ANON-0000-0000-0207,37.72,Cappuccino,23,5,2024,20,15,1
578,card,ANON-0000-0000-0207,37.72,Latte,23,5,2024,20,16,24
579,card,ANON-0000-0000-0208,32.82,Americano with Milk,23,5,2024,22,48,10
580,cash,ANON-0000-0000-0208,39.0,Hot Chocolate,23,5,2024,22,55,36
581,card,ANON-0000-0000-0141,27.92,Cortado,24,5,2024,11,11,59
582,card,ANON-0000-0000-0012,27.92,Americano,24,5,2024,11,15,8
583,card,ANON-0000-0000-0012,27.92,Americano,24,5,2024,11,16,13
584,card,ANON-0000-0000-0081,37.72,Hot Chocolate,24,5,2024,16,7,19
585,card,ANON-0000-0000-0209,27.92,Cortado,24,5,2024,18,17,40
586,card,ANON-0000-0000-0209,27.92,Cortado,24,5,2024,18,18,36
587,card,ANON-0000-0000-0210,32.82,Americano with Milk,24,5,2024,22,30,40
588,cash,ANON-0000-0000-0210,29.0,Americano,25,5,2024,7,40,58
589,card,ANON-0000-0000-0211,37.72,Latte,25,5,2024,12,13,53
590,cash,ANON-0000-0000-0211,29.0,Americano,25,5,2024,12,40,23
591,card,ANON-0000-0000-0212,32.82,Americano with Milk,25,5,2024,12,42,10
592,card,ANON-0000-0000-0212,32.82,Americano with Milk,25,5,2024,12,43,13
593,card,ANON-0000-0000-0213,32.82,Americano with Milk,25,5,2024,12,58,12
594,card,ANON-0000-0000-0040,32.82,Americano with Milk,25,5,2024,16,47,9
595,card,ANON-0000-0000-0040,27.92,Americano,25,5,2024,16,48,16
596,card,ANON-0000-0000-0001,37.72,Latte,26,5,2024,10,20,2
597,card,ANON-0000-0000-0214,32.82,Americano with Milk,26,5,2024,14,24,49
598,card,ANON-0000-0000-0215,27.92,Cortado,26,5,2024,14,26,5
599,card,ANON-0000-0000-0216,32.82,Americano with Milk,26,5,2024,14,40,58
600,card,ANON-0000-0000-0217,37.72,Cappuccino,26,5,2024,17,19,15
601,card,ANON-0000-0000-0218,37.72,Hot Chocolate,26,5,2024,18,9,52
602,card,ANON-0000-0000-0218,37.72,Hot Chocolate,26,5,2024,18,11,2
603,card,ANON-0000-0000-0218,27.92,Americano,26,5,2024,18,13,14
604,card,ANON-0000-0000-0219,37.72,Latte,26,5,2024,18,39,18
605,card,ANON-0000-0000-0220,37.72,Hot Chocolate,26,5,2024,20,59,14
606,card,ANON-0000-0000-0220,37.72,Cappuccino,26,5,2024,21,0,5
607,card,ANON-0000-0000-0221,27.92,Cortado,26,5,2024,21,2,36
608,card,ANON-0000-0000-0222,37.72,Cappuccino,26,5,2024,21,3,51
609,card,ANON-0000-0000-0221,37.72,Latte,26,5,2024,21,4,58
610,card,ANON-0000-0000-0223,37.72,Cappuccino,26,5,2024,21,6,2
611,card,ANON-0000-0000-0012,27.92,Americano,27,5,2024,11,34,55
612,card,ANON-0000-0000-0224,32.82,Americano with Milk,27,5,2024,14,5,21
613,card,ANON-0000-0000-0224,37.72,Cocoa,27,5,2024,14,6,43
614,card,ANON-0000-0000-0225,27.92,Americano,27,5,2024,15,11,34
615,card,ANON-0000-0000-0225,27.92,Americano,27,5,2024,15,14,5
616,card,ANON-0000-0000-0203,37.72,Latte,27,5,2024,17,50,55
617,card,ANON-0000-0000-0226,27.92,Americano,27,5,2024,18,0,50
618,card,ANON-0000-0000-0227,37.72,Latte,27,5,2024,19,16,27
619,card,ANON-0000-0000-0228,37.72,Latte,27,5,2024,19,17,38
620,card,ANON-0000-0000-0192,32.82,Americano with Milk,27,5,2024,21,29,7
621,card,ANON-0000-0000-0206,37.72,Cappuccino,27,5,2024,21,30,19
622,card,ANON-0000-0000-0012,32.82,Americano with Milk,28,5,2024,8,37,9
623,card,ANON-0000-0000-0097,32.82,Americano with Milk,28,5,2024,9,20,10
624,card,ANON-0000-0000-0229,37.72,Cappuccino,28,5,2024,11,48,18
625,card,ANON-0000-0000-0230,37.72,Cappuccino,28,5,2024,13,14,40
626,card,ANON-0000-0000-0194,37.72,Cocoa,28,5,2024,14,10,53
627,card,ANON-0000-0000-0141,27.92,Cortado,28,5,2024,16,25,39
628,cash,ANON-0000-0000-0141,39.0,Cappuccino,28,5,2024,17,21,43
629,card,ANON-0000-0000-0231,27.92,Americano,28,5,2024,19,9,29
630,card,ANON-0000-0000-0231,37.72,Latte,28,5,2024,19,10,31
631,card,ANON-0000-0000-0009,32.82,Americano with Milk,28,5,2024,20,24,32
632,card,ANON-0000-0000-0012,27.92,Americano,28,5,2024,20,50,19
633,card,ANON-0000-0000-0232,37.72,Latte,29,5,2024,9,14,43
634,cash,ANON-0000-0000-0232,39.0,Latte,29,5,2024,10,48,46
635,card,ANON-0000-0000-0233,37.72,Hot Chocolate,29,5,2024,11,14,2
636,card,ANON-0000-0000-0234,27.92,Americano,29,5,2024,15,10,48
637,card,ANON-0000-0000-0235,37.72,Latte,29,5,2024,15,22,56
638,card,ANON-0000-0000-0236,37.72,Cappuccino,29,5,2024,15,45,12
639,card,ANON-0000-0000-0237,37.72,Latte,29,5,2024,16,45,3
640,card,ANON-0000-0000-0238,27.92,Cortado,29,5,2024,18,24,3
641,card,ANON-0000-0000-0238,37.72,Latte,29,5,2024,18,24,59
642,card,ANON-0000-0000-0239,37.72,Hot Chocolate,29,5,2024,20,30,42
643,card,ANON-0000-0000-0240,37.72,Cocoa,29,5,2024,20,32,35
644,card,ANON-0000-0000-0241,37.72,Cappuccino,30,5,2024,8,29,6
645,card,ANON-0000-0000-0241,37.72,Latte,30,5,2024,8,30,21
646,card,ANON-0000-0000-0242,32.82,Americano with Milk,30,5,2024,8,37,5
647,card,ANON-0000-0000-0001,37.72,Latte,30,5,2024,9,47,59
648,card,ANON-0000-0000-0097,32.82,Americano with Milk,30,5,2024,14,56,15
649,card,ANON-0000-0000-0243,23.02,Espresso,30,5,2024,15,16,15
650,card,ANON-0000-0000-0012,23.02,Espresso,30,5,2024,15,17,38
651,card,ANON-0000-0000-0206,37.72,Cappuccino,30,5,2024,19,53,11
652,card,ANON-0000-0000-0244,37.72,Latte,30,5,2024,20,31,5
653,card,ANON-0000-0000-0009,37.72,Hot Chocolate,30,5,2024,20,46,13
654,card,ANON-0000-0000-0009,32.82,Americano with Milk,30,5,2024,20,47,21
655,card,ANON-0000-0000-0245,32.82,Americano with Milk,31,5,2024,7,53,57
656,card,ANON-0000-0000-0246,37.72,Latte,31,5,2024,9,21,7
657,cash,ANON-0000-0000-0246,39.0,Latte,31,5,2024,9,23,58
658,card,ANON-0000-0000-0247,37.72,Hot Chocolate,31,5,2024,10,38,7
659,card,ANON-0000-0000-0248,37.72,Cocoa,31,5,2024,10,39,6
660,card,ANON-0000-0000-0249,32.82,Americano with Milk,31,5,2024,14,50,12
661,card,ANON-0000-0000-0250,37.72,Latte,31,5,2024,18,23,44
662,card,ANON-0000-0000-0250,37.72,Latte,31,5,2024,18,25,3
663,card,ANON-0000-0000-0180,37.72,Cappuccino,31,5,2024,20,6,39
664,card,ANON-0000-0000-0134,32.82,Americano with Milk,31,5,2024,20,33,6
665,card,ANON-0000-0000-0134,37.72,Latte,31,5,2024,20,34,32
666,card,ANON-0000-0000-0206,37.72,Cappuccino,31,5,2024,22,5,47
667,card,ANON-0000-0000-0206,32.82,Americano with Milk,31,5,2024,22,6,52
668,card,ANON-0000-0000-0206,27.92,Cortado,31,5,2024,22,7,55
669,card,ANON-0000-0000-0141,27.92,Cortado,1,6,2024,8,27,1
670,card,ANON-0000-0000-0232,37.72,Latte,1,6,2024,9,48,24
671,card,ANON-0000-0000-0250,37.72,Latte,1,6,2024,11,38,9
672,card,ANON-0000-0000-0097,32.82,Americano with Milk,1,6,2024,14,28,53
673,card,ANON-0000-0000-0251,32.82,Americano with Milk,1,6,2024,18,20,12
674,card,ANON-0000-0000-0251,32.82,Americano with Milk,1,6,2024,18,21,15
675,card,ANON-0000-0000-0154,37.72,Cappuccino,1,6,2024,20,50,10
676,card,ANON-0000-0000-0154,37.72,Cappuccino,1,6,2024,20,51,13
677,cash,ANON-0000-0000-0154,39.0,Cocoa,1,6,2024,20,54,59
678,card,ANON-0000-0000-0252,37.72,Cocoa,1,6,2024,20,59,9
679,card,ANON-0000-0000-0009,32.82,Americano with Milk,1,6,2024,21,51,4
680,card,ANON-0000-0000-0009,37.72,Latte,2,6,2024,20,3,25
681,card,ANON-0000-0000-0040,32.82,Americano with Milk,2,6,2024,20,24,2
682,card,ANON-0000-0000-0040,37.72,Cappuccino,2,6,2024,20,25,7
683,card,ANON-0000-0000-0097,32.82,Americano with Milk,2,6,2024,21,7,20
684,card,ANON-0000-0000-0253,37.72,Latte,2,6,2024,21,30,12
685,cash,ANON-0000-0000-0253,34.0,Americano with Milk,2,6,2024,22,43,10
686,card,ANON-0000-0000-0001,37.72,Latte,3,6,2024,10,12,4
687,card,ANON-0000-0000-0191,37.72,Latte,3,6,2024,10,27,49
688,card,ANON-0000-0000-0025,37.72,Cappuccino,3,6,2024,14,31,42
689,card,ANON-0000-0000-0024,32.82,Americano with Milk,3,6,2024,14,33,0
690,card,ANON-0000-0000-0009,37.72,Latte,3,6,2024,14,34,6
691,cash,ANON-0000-0000-0009,34.0,Americano with Milk,3,6,2024,21,42,51
692,cash,ANON-0000-0000-0009,34.0,Americano with Milk,3,6,2024,21,43,37
693,card,ANON-0000-0000-0141,27.92,Cortado,4,6,2024,9,23,42
694,card,ANON-0000-0000-0097,32.82,Americano with Milk,4,6,2024,10,27,13
695,card,ANON-0000-0000-0254,37.72,Latte,4,6,2024,12,2,10
696,card,ANON-0000-0000-0254,37.72,Hot Chocolate,4,6,2024,12,5,29
697,card,ANON-0000-0000-0255,37.72,Latte,4,6,2024,15,30,32
698,card,ANON-0000-0000-0192,27.92,Cortado,4,6,2024,17,46,36
699,card,ANON-0000-0000-0192,37.72,Cappuccino,4,6,2024,17,47,28
700,card,ANON-0000-0000-0256,37.72,Hot Chocolate,4,6,2024,20,13,1
701,card,ANON-0000-0000-0257,37.72,Cappuccino,4,6,2024,20,50,33
702,card,ANON-0000-0000-0258,27.92,Cortado,4,6,2024,21,31,58
703,card,ANON-0000-0000-0259,32.82,Americano with Milk,4,6,2024,21,33,2
704,card,ANON-0000-0000-0260,32.82,Americano with Milk,4,6,2024,21,34,55
705,card,ANON-0000-0000-0260,32.82,Americano with Milk,4,6,2024,21,36,6
706,card,ANON-0000-0000-0260,32.82,Americano with Milk,4,6,2024,21,37,15
707,card,ANON-0000-0000-0261,37.72,Cappuccino,5,6,2024,8,21,48
708,card,ANON-0000-0000-0261,37.72,Cappuccino,5,6,2024,8,23,6
709,card,ANON-0000-0000-0262,27.92,Americano,5,6,2024,9,22,43
710,card,ANON-0000-0000-0001,37.72,Latte,5,6,2024,10,28,50
711,card,ANON-0000-0000-0097,32.82,Americano with Milk,5,6,2024,10,40,53
712,card,ANON-0000-0000-0263,32.82,Americano with Milk,5,6,2024,19,43,57
713,card,ANON-0000-0000-0264,37.72,Latte,5,6,2024,19,59,53
714,card,ANON-0000-0000-0220,37.72,Cocoa,5,6,2024,20,10,47
715,card,ANON-0000-0000-0220,27.92,Cortado,5,6,2024,20,12,1
716,card,ANON-0000-0000-0097,32.82,Americano with Milk,6,6,2024,8,52,56
717,card,ANON-0000-0000-0097,32.82,Americano with Milk,6,6,2024,8,54,8
718,card,ANON-0000-0000-0001,37.72,Latte,6,6,2024,10,36,9
719,card,ANON-0000-0000-0265,27.92,Americano,6,6,2024,12,17,41
720,card,ANON-0000-0000-0224,32.82,Americano with Milk,6,6,2024,15,11,14
721,card,ANON-0000-0000-0266,37.72,Cappuccino,6,6,2024,15,24,6
722,card,ANON-0000-0000-0267,37.72,Latte,6,6,2024,21,14,5
723,card,ANON-0000-0000-0267,37.72,Latte,6,6,2024,21,15,42
724,card,ANON-0000-0000-0206,37.72,Cappuccino,6,6,2024,21,18,26
725,card,ANON-0000-0000-0206,32.82,Americano with Milk,6,6,2024,21,19,30
726,card,ANON-0000-0000-0267,37.72,Latte,6,6,2024,21,21,4
727,card,ANON-0000-0000-0268,37.72,Cappuccino,7,6,2024,8,18,4
728,card,ANON-0000-0000-0269,23.02,Espresso,7,6,2024,10,35,28
729,card,ANON-0000-0000-0164,32.82,Americano with Milk,7,6,2024,13,34,18
730,card,ANON-0000-0000-0270,27.92,Cortado,7,6,2024,16,45,42
731,card,ANON-0000-0000-0270,27.92,Cortado,7,6,2024,16,47,15
732,card,ANON-0000-0000-0271,27.92,Cortado,8,6,2024,9,4,20
733,card,ANON-0000-0000-0097,32.82,Americano with Milk,8,6,2024,9,26,11
734,card,ANON-0000-0000-0134,37.72,Cappuccino,8,6,2024,20,24,54
735,card,ANON-0000-0000-0134,37.72,Cappuccino,8,6,2024,20,25,56
736,card,ANON-0000-0000-0097,37.72,Latte,9,6,2024,8,15,52
737,card,ANON-0000-0000-0272,37.72,Latte,9,6,2024,10,30,4
738,card,ANON-0000-0000-0273,37.72,Cappuccino,9,6,2024,10,52,5
739,card,ANON-0000-0000-0141,27.92,Cortado,9,6,2024,11,4,41
740,card,ANON-0000-0000-0274,23.02,Espresso,9,6,2024,11,7,8
741,card,ANON-0000-0000-0275,37.72,Cappuccino,9,6,2024,11,52,49
742,card,ANON-0000-0000-0276,32.82,Americano with Milk,9,6,2024,12,11,23
743,card,ANON-0000-0000-0276,37.72,Latte,9,6,2024,12,13,8
744,card,ANON-0000-0000-0276,37.72,Latte,9,6,2024,12,14,10
745,card,ANON-0000-0000-0277,27.92,Cortado,9,6,2024,15,10,30
746,card,ANON-0000-0000-0278,37.72,Cappuccino,9,6,2024,16,17,28
747,card,ANON-0000-0000-0279,32.82,Americano with Milk,9,6,2024,19,21,19
748,card,ANON-0000-0000-0280,27.92,Americano,9,6,2024,21,5,8
749,card,ANON-0000-0000-0281,37.72,Cappuccino,10,6,2024,12,47,49
750,card,ANON-0000-0000-0097,37.72,Latte,10,6,2024,12,56,48
751,card,ANON-0000-0000-0282,37.72,Hot Chocolate,10,6,2024,19,4,28
752,card,ANON-0000-0000-0282,37.72,Hot Chocolate,10,6,2024,19,5,22
753,card,ANON-0000-0000-0283,37.72,Latte,10,6,2024,19,37,23
754,card,ANON-0000-0000-0283,37.72,Latte,10,6,2024,19,38,19
755,card,ANON-0000-0000-0284,32.82,Americano with Milk,11,6,2024,10,38,3
756,card,ANON-0000-0000-0285,37.72,Latte,11,6,2024,18,48,25
757,card,ANON-0000-0000-0285,37.72,Latte,11,6,2024,18,49,36
758,card,ANON-0000-0000-0286,37.72,Hot Chocolate,11,6,2024,21,17,3
759,card,ANON-0000-0000-0287,32.82,Americano with Milk,11,6,2024,21,27,41
760,card,ANON-0000-0000-0287,32.82,Americano with Milk,11,6,2024,21,28,50
761,card,ANON-0000-0000-0288,37.72,Hot Chocolate,12,6,2024,10,18,18
762,card,ANON-0000-0000-0289,37.72,Cappuccino,12,6,2024,11,51,43
763,card,ANON-0000-0000-0283,37.72,Latte,12,6,2024,17,41,17
764,card,ANON-0000-0000-0290,37.72,Latte,12,6,2024,17,47,27
765,card,ANON-0000-0000-0256,37.72,Hot Chocolate,12,6,2024,20,16,33
766,card,ANON-0000-0000-0291,32.82,Americano with Milk,12,6,2024,20,25,34
767,card,ANON-0000-0000-0292,27.92,Americano,13,6,2024,8,54,24
768,card,ANON-0000-0000-0097,37.72,Latte,13,6,2024,8,57,25
769,card,ANON-0000-0000-0293,32.82,Americano with Milk,13,6,2024,9,50,25
770,card,ANON-0000-0000-0141,27.92,Cortado,13,6,2024,9,57,11
771,card,ANON-0000-0000-0294,32.82,Americano with Milk,13,6,2024,17,4,58
772,card,ANON-0000-0000-0295,37.72,Hot Chocolate,13,6,2024,17,27,46
773,card,ANON-0000-0000-0296,37.72,Latte,13,6,2024,19,22,19
774,card,ANON-0000-0000-0012,32.82,Americano with Milk,13,6,2024,20,20,51
775,card,ANON-0000-0000-0012,23.02,Espresso,13,6,2024,20,43,45
776,card,ANON-0000-0000-0295,23.02,Espresso,13,6,2024,20,45,0
777,card,ANON-0000-0000-0009,32.82,Americano with Milk,13,6,2024,20,48,17
778,card,ANON-0000-0000-0009,32.82,Americano with Milk,13,6,2024,21,2,28
779,card,ANON-0000-0000-0141,27.92,Cortado,14,6,2024,7,46,13
780,card,ANON-0000-0000-0297,27.92,Americano,14,6,2024,10,30,31
781,card,ANON-0000-0000-0097,37.72,Latte,14,6,2024,12,14,41
782,card,ANON-0000-0000-0298,32.82,Americano with Milk,14,6,2024,18,29,53
783,card,ANON-0000-0000-0299,37.72,Cappuccino,15,6,2024,11,26,1
784,card,ANON-0000-0000-0300,37.72,Latte,15,6,2024,12,21,28
785,card,ANON-0000-0000-0300,32.82,Americano with Milk,15,6,2024,12,22,46
786,card,ANON-0000-0000-0300,23.02,Espresso,15,6,2024,12,23,52
787,card,ANON-0000-0000-0300,37.72,Cocoa,15,6,2024,12,24,35
788,card,ANON-0000-0000-0300,32.82,Americano with Milk,15,6,2024,12,25,23
789,card,ANON-0000-0000-0301,32.82,Americano with Milk,15,6,2024,16,3,29
790,card,ANON-0000-0000-0302,27.92,Americano,15,6,2024,18,14,4
791,card,ANON-0000-0000-0059,32.82,Americano with Milk,16,6,2024,10,43,51
792,card,ANON-0000-0000-0303,37.72,Latte,16,6,2024,10,58,41
793,card,ANON-0000-0000-0303,37.72,Hot Chocolate,16,6,2024,11,0,38
794,card,ANON-0000-0000-0303,37.72,Hot Chocolate,16,6,2024,11,1,41
795,card,ANON-0000-0000-0276,32.82,Americano with Milk,16,6,2024,12,49,27
796,card,ANON-0000-0000-0274,23.02,Espresso,16,6,2024,14,0,38
797,card,ANON-0000-0000-0304,32.82,Americano with Milk,16,6,2024,15,2,36
798,card,ANON-0000-0000-0304,32.82,Americano with Milk,16,6,2024,15,5,10
799,card,ANON-0000-0000-0305,37.72,Hot Chocolate,16,6,2024,15,43,59
800,card,ANON-0000-0000-0306,37.72,Hot Chocolate,16,6,2024,16,47,36
801,card,ANON-0000-0000-0059,32.82,Americano with Milk,16,6,2024,17,45,17
802,card,ANON-0000-0000-0059,32.82,Americano with Milk,16,6,2024,17,46,16
803,card,ANON-0000-0000-0307,27.92,Americano,17,6,2024,8,57,24
804,card,ANON-0000-0000-0308,27.92,Cortado,17,6,2024,10,12,5
805,card,ANON-0000-0000-0308,27.92,Cortado,17,6,2024,10,13,37
806,card,ANON-0000-0000-0042,37.72,Cappuccino,17,6,2024,10,55,51
807,card,ANON-0000-0000-0164,37.72,Cappuccino,17,6,2024,14,51,35
808,card,ANON-0000-0000-0012,37.72,Cappuccino,17,6,2024,16,50,13
809,card,ANON-0000-0000-0012,37.72,Cappuccino,17,6,2024,16,51,11
810,card,ANON-0000-0000-0012,27.92,Americano,17,6,2024,16,52,36
811,card,ANON-0000-0000-0309,27.92,Americano,17,6,2024,18,51,19
812,card,ANON-0000-0000-0009,32.82,Americano with Milk,17,6,2024,21,16,11
813,card,ANON-0000-0000-0299,27.92,Americano,18,6,2024,14,4,6
814,card,ANON-0000-0000-0299,37.72,Cappuccino,18,6,2024,14,5,12
815,card,ANON-0000-0000-0154,37.72,Cappuccino,18,6,2024,19,20,40
816,card,ANON-0000-0000-0154,37.72,Cappuccino,18,6,2024,19,21,38
817,card,ANON-0000-0000-0310,27.92,Cortado,18,6,2024,20,35,49
818,card,ANON-0000-0000-0012,32.82,Americano with Milk,18,6,2024,21,20,49
819,card,ANON-0000-0000-0012,32.82,Americano with Milk,18,6,2024,21,22,18
820,card,ANON-0000-0000-0311,37.72,Latte,19,6,2024,7,47,19
821,card,ANON-0000-0000-0141,27.92,Cortado,19,6,2024,8,17,54
822,card,ANON-0000-0000-0312,27.92,Americano,19,6,2024,10,54,0
823,card,ANON-0000-0000-0313,37.72,Latte,19,6,2024,11,11,27
824,card,ANON-0000-0000-0313,37.72,Cocoa,19,6,2024,11,12,31
825,card,ANON-0000-0000-0164,32.82,Americano with Milk,19,6,2024,14,21,36
826,card,ANON-0000-0000-0153,37.72,Cappuccino,19,6,2024,18,28,43
827,card,ANON-0000-0000-0153,37.72,Latte,19,6,2024,18,29,58
828,card,ANON-0000-0000-0009,32.82,Americano with Milk,19,6,2024,19,31,31
829,card,ANON-0000-0000-0192,37.72,Cappuccino,19,6,2024,21,28,59
830,card,ANON-0000-0000-0192,32.82,Americano with Milk,19,6,2024,21,30,3
831,card,ANON-0000-0000-0097,37.72,Latte,20,6,2024,10,50,6
832,card,ANON-0000-0000-0314,37.72,Latte,20,6,2024,18,59,2
833,card,ANON-0000-0000-0314,37.72,Latte,20,6,2024,19,0,0
834,card,ANON-0000-0000-0257,37.72,Latte,20,6,2024,21,39,10
835,card,ANON-0000-0000-0009,37.72,Latte,20,6,2024,21,57,40
836,card,ANON-0000-0000-0009,32.82,Americano with Milk,20,6,2024,21,59,17
837,card,ANON-0000-0000-0311,37.72,Latte,21,6,2024,9,59,55
838,card,ANON-0000-0000-0315,27.92,Americano,21,6,2024,10,1,40
839,card,ANON-0000-0000-0012,32.82,Americano with Milk,21,6,2024,13,19,19
840,card,ANON-0000-0000-0012,32.82,Americano with Milk,21,6,2024,13,20,31
841,card,ANON-0000-0000-0316,23.02,Espresso,21,6,2024,18,12,16
842,card,ANON-0000-0000-0009,37.72,Latte,21,6,2024,19,30,26
843,card,ANON-0000-0000-0154,37.72,Cappuccino,21,6,2024,19,47,6
844,card,ANON-0000-0000-0154,37.72,Cappuccino,21,6,2024,19,48,6
845,card,ANON-0000-0000-0180,37.72,Cappuccino,21,6,2024,19,49,54
846,card,ANON-0000-0000-0180,37.72,Cappuccino,21,6,2024,19,51,0
847,card,ANON-0000-0000-0180,27.92,Americano,21,6,2024,19,52,18
848,card,ANON-0000-0000-0311,32.82,Americano with Milk,21,6,2024,19,55,37
849,card,ANON-0000-0000-0141,27.92,Cortado,22,6,2024,8,39,50
850,card,ANON-0000-0000-0311,32.82,Americano with Milk,22,6,2024,9,37,48
851,card,ANON-0000-0000-0317,32.82,Americano with Milk,22,6,2024,12,53,15
852,card,ANON-0000-0000-0009,37.72,Latte,22,6,2024,15,37,20
853,card,ANON-0000-0000-0318,37.72,Cappuccino,22,6,2024,22,10,22
854,card,ANON-0000-0000-0012,32.82,Americano with Milk,23,6,2024,18,12,1
855,card,ANON-0000-0000-0012,32.82,Americano with Milk,23,6,2024,18,13,50
856,card,ANON-0000-0000-0319,37.72,Cappuccino,23,6,2024,21,6,46
857,card,ANON-0000-0000-0320,37.72,Latte,23,6,2024,21,29,7
858,card,ANON-0000-0000-0320,37.72,Cappuccino,23,6,2024,21,30,36
859,card,ANON-0000-0000-0164,32.82,Americano with Milk,24,6,2024,11,44,39
860,card,ANON-0000-0000-0180,37.72,Cappuccino,24,6,2024,11,49,36
861,card,ANON-0000-0000-0180,37.72,Cappuccino,24,6,2024,11,50,44
862,card,ANON-0000-0000-0321,37.72,Latte,24,6,2024,15,2,28
863,card,ANON-0000-0000-0203,37.72,Cappuccino,24,6,2024,16,46,0
864,card,ANON-0000-0000-0203,37.72,Cappuccino,24,6,2024,16,47,0
865,card,ANON-0000-0000-0322,37.72,Latte,25,6,2024,8,19,24
866,card,ANON-0000-0000-0012,32.82,Americano with Milk,25,6,2024,10,28,26
867,card,ANON-0000-0000-0040,32.82,Americano with Milk,25,6,2024,10,29,42
868,card,ANON-0000-0000-0203,37.72,Cappuccino,25,6,2024,11,34,52
869,card,ANON-0000-0000-0323,37.72,Latte,26,6,2024,9,33,1
870,card,ANON-0000-0000-0324,23.02,Espresso,26,6,2024,16,32,29
871,card,ANON-0000-0000-0325,27.92,Americano,26,6,2024,16,34,1
872,card,ANON-0000-0000-0009,37.72,Latte,26,6,2024,21,21,53
873,card,ANON-0000-0000-0009,37.72,Cappuccino,26,6,2024,21,27,0
874,card,ANON-0000-0000-0206,32.82,Americano with Milk,26,6,2024,21,28,14
875,card,ANON-0000-0000-0326,32.82,Americano with Milk,27,6,2024,9,15,43
876,card,ANON-0000-0000-0327,27.92,Cortado,27,6,2024,16,11,48
877,card,ANON-0000-0000-0328,32.82,Americano with Milk,27,6,2024,21,44,3
878,card,ANON-0000-0000-0329,37.72,Cappuccino,27,6,2024,21,50,31
879,card,ANON-0000-0000-0141,27.92,Cortado,28,6,2024,8,8,35
880,card,ANON-0000-0000-0274,23.02,Espresso,28,6,2024,17,51,53
881,card,ANON-0000-0000-0330,32.82,Americano with Milk,28,6,2024,21,50,55
882,card,ANON-0000-0000-0331,37.72,Latte,28,6,2024,21,52,1
883,card,ANON-0000-0000-0332,37.72,Cappuccino,28,6,2024,22,28,19
884,card,ANON-0000-0000-0097,32.82,Americano with Milk,29,6,2024,9,47,10
885,card,ANON-0000-0000-0333,32.82,Americano with Milk,29,6,2024,11,40,19
886,card,ANON-0000-0000-0333,32.82,Americano with Milk,29,6,2024,11,41,26
887,card,ANON-0000-0000-0334,37.72,Cappuccino,29,6,2024,12,30,24
888,card,ANON-0000-0000-0334,37.72,Cappuccino,29,6,2024,12,31,42
889,card,ANON-0000-0000-0335,37.72,Cappuccino,29,6,2024,17,23,43
890,card,ANON-0000-0000-0335,37.72,Hot Chocolate,29,6,2024,17,24,52
891,card,ANON-0000-0000-0009,37.72,Latte,29,6,2024,21,27,22
892,card,ANON-0000-0000-0336,37.72,Latte,30,6,2024,10,28,9
893,card,ANON-0000-0000-0337,23.02,Espresso,30,6,2024,13,5,50
894,card,ANON-0000-0000-0009,37.72,Hot Chocolate,30,6,2024,16,54,41
895,card,ANON-0000-0000-0097,32.82,Americano with Milk,30,6,2024,21,4,9
896,card,ANON-0000-0000-0012,23.02,Espresso,1,7,2024,18,7,26
897,card,ANON-0000-0000-0338,37.72,Cappuccino,1,7,2024,18,56,51
898,card,ANON-0000-0000-0339,37.72,Cappuccino,1,7,2024,18,57,54
899,card,ANON-0000-0000-0304,32.82,Americano with Milk,2,7,2024,10,42,54
900,card,ANON-0000-0000-0304,27.92,Americano,2,7,2024,10,45,0
901,card,ANON-0000-0000-0019,37.72,Latte,2,7,2024,12,48,5
902,card,ANON-0000-0000-0340,27.92,Americano,2,7,2024,14,3,13
903,card,ANON-0000-0000-0341,32.82,Americano with Milk,2,7,2024,16,31,24
904,card,ANON-0000-0000-0329,32.82,Americano with Milk,2,7,2024,22,2,23
905,card,ANON-0000-0000-0012,32.82,Americano with Milk,3,7,2024,13,51,14
906,card,ANON-0000-0000-0342,37.72,Cappuccino,3,7,2024,16,1,16
907,card,ANON-0000-0000-0343,37.72,Cappuccino,3,7,2024,16,50,25
908,card,ANON-0000-0000-0270,32.82,Americano with Milk,3,7,2024,16,53,15
909,card,ANON-0000-0000-0344,32.82,Americano with Milk,3,7,2024,16,54,22
910,card,ANON-0000-0000-0270,37.72,Latte,3,7,2024,16,55,31
911,card,ANON-0000-0000-0345,23.02,Espresso,3,7,2024,16,59,25
912,card,ANON-0000-0000-0346,37.72,Cappuccino,3,7,2024,17,59,1
913,card,ANON-0000-0000-0009,37.72,Latte,3,7,2024,19,6,9
914,card,ANON-0000-0000-0143,32.82,Americano with Milk,4,7,2024,10,26,23
915,card,ANON-0000-0000-0012,27.92,Americano,4,7,2024,10,27,30
916,card,ANON-0000-0000-0058,37.72,Cocoa,5,7,2024,12,20,28
917,card,ANON-0000-0000-0040,32.82,Americano with Milk,5,7,2024,13,43,43
918,card,ANON-0000-0000-0347,32.82,Americano with Milk,5,7,2024,13,44,43
919,card,ANON-0000-0000-0348,23.02,Espresso,5,7,2024,18,55,56
920,card,ANON-0000-0000-0099,27.92,Americano,5,7,2024,19,55,7
921,card,ANON-0000-0000-0349,23.02,Espresso,5,7,2024,22,11,56
922,card,ANON-0000-0000-0350,27.92,Americano,5,7,2024,22,18,3
923,card,ANON-0000-0000-0350,27.92,Americano,5,7,2024,22,18,56
924,card,ANON-0000-0000-0351,37.72,Cappuccino,5,7,2024,22,20,1
925,card,ANON-0000-0000-0351,32.82,Americano with Milk,5,7,2024,22,21,9
926,card,ANON-0000-0000-0352,37.72,Latte,6,7,2024,10,28,6
927,card,ANON-0000-0000-0009,32.82,Latte,6,7,2024,17,15,46
928,card,ANON-0000-0000-0009,32.82,Latte,6,7,2024,17,17,1
929,card,ANON-0000-0000-0012,32.82,Latte,6,7,2024,19,9,46
930,card,ANON-0000-0000-0012,27.92,Americano with Milk,6,7,2024,19,10,39
931,card,ANON-0000-0000-0303,32.82,Cappuccino,7,7,2024,9,4,20
932,card,ANON-0000-0000-0353,27.92,Americano with Milk,7,7,2024,9,14,29
933,card,ANON-0000-0000-0353,27.92,Americano with Milk,7,7,2024,9,15,36
934,card,ANON-0000-0000-0354,32.82,Cappuccino,7,7,2024,9,28,48
935,card,ANON-0000-0000-0354,32.82,Cappuccino,7,7,2024,9,29,56
936,card,ANON-0000-0000-0355,32.82,Hot Chocolate,7,7,2024,14,56,30
937,card,ANON-0000-0000-0355,32.82,Cocoa,7,7,2024,14,57,47
938,card,ANON-0000-0000-0356,32.82,Latte,7,7,2024,17,7,50
939,card,ANON-0000-0000-0357,32.82,Cappuccino,7,7,2024,19,33,27
940,card,ANON-0000-0000-0358,32.82,Hot Chocolate,7,7,2024,20,1,31
941,card,ANON-0000-0000-0359,27.92,Americano with Milk,7,7,2024,22,33,36
942,card,ANON-0000-0000-0360,32.82,Latte,8,7,2024,7,33,7
943,card,ANON-0000-0000-0361,23.02,Americano,8,7,2024,12,2,50
944,card,ANON-0000-0000-0362,23.02,Americano,8,7,2024,14,40,24
945,card,ANON-0000-0000-0363,27.92,Americano with Milk,8,7,2024,19,30,34
946,card,ANON-0000-0000-0019,32.82,Latte,8,7,2024,22,14,46
947,card,ANON-0000-0000-0333,27.92,Americano with Milk,9,7,2024,10,26,52
948,card,ANON-0000-0000-0276,27.92,Americano with Milk,9,7,2024,10,40,28
949,card,ANON-0000-0000-0194,27.92,Americano with Milk,9,7,2024,11,21,36
950,card,ANON-0000-0000-0194,32.82,Cappuccino,9,7,2024,11,22,49
951,card,ANON-0000-0000-0364,27.92,Americano with Milk,9,7,2024,16,42,59
952,card,ANON-0000-0000-0365,23.02,Americano,10,7,2024,11,10,41
953,card,ANON-0000-0000-0366,27.92,Americano with Milk,10,7,2024,12,28,53
954,card,ANON-0000-0000-0328,32.82,Latte,10,7,2024,22,13,10
955,card,ANON-0000-0000-0367,32.82,Hot Chocolate,11,7,2024,11,27,27
956,card,ANON-0000-0000-0368,27.92,Americano with Milk,11,7,2024,16,48,18
957,card,ANON-0000-0000-0369,32.82,Latte,11,7,2024,22,22,13
958,card,ANON-0000-0000-0370,23.02,Americano,11,7,2024,22,30,58
959,card,ANON-0000-0000-0371,23.02,Cortado,12,7,2024,8,3,17
960,card,ANON-0000-0000-0372,32.82,Hot Chocolate,12,7,2024,11,48,33
961,card,ANON-0000-0000-0178,32.82,Hot Chocolate,12,7,2024,22,33,25
962,card,ANON-0000-0000-0177,32.82,Hot Chocolate,12,7,2024,22,34,14
963,card,ANON-0000-0000-0179,32.82,Hot Chocolate,12,7,2024,22,35,29
964,card,ANON-0000-0000-0365,32.82,Latte,13,7,2024,10,38,10
965,card,ANON-0000-0000-0365,32.82,Latte,13,7,2024,11,41,38
966,card,ANON-0000-0000-0373,23.02,Americano,14,7,2024,10,54,24
967,card,ANON-0000-0000-0373,27.92,Americano with Milk,14,7,2024,10,55,30
968,card,ANON-0000-0000-0373,32.82,Cappuccino,14,7,2024,10,56,30
969,card,ANON-0000-0000-0374,32.82,Latte,14,7,2024,10,57,54
970,card,ANON-0000-0000-0375,23.02,Americano,14,7,2024,11,2,11
971,card,ANON-0000-0000-0376,32.82,Latte,14,7,2024,22,31,29
972,card,ANON-0000-0000-0377,32.82,Cappuccino,15,7,2024,7,33,5
973,card,ANON-0000-0000-0378,27.92,Americano with Milk,16,7,2024,12,23,37
974,card,ANON-0000-0000-0367,32.82,Hot Chocolate,16,7,2024,19,29,25
975,card,ANON-0000-0000-0379,27.92,Americano with Milk,17,7,2024,13,4,59
976,card,ANON-0000-0000-0380,27.92,Americano with Milk,18,7,2024,11,10,13
977,card,ANON-0000-0000-0381,18.12,Espresso,18,7,2024,11,11,23
978,card,ANON-0000-0000-0059,23.02,Americano,18,7,2024,11,32,59
979,card,ANON-0000-0000-0059,23.02,Americano,18,7,2024,11,34,48
980,card,ANON-0000-0000-0059,23.02,Cortado,18,7,2024,11,35,51
981,card,ANON-0000-0000-0375,32.82,Latte,18,7,2024,13,23,33
982,card,ANON-0000-0000-0382,32.82,Cappuccino,18,7,2024,18,18,23
983,card,ANON-0000-0000-0009,32.82,Latte,18,7,2024,19,30,50
984,card,ANON-0000-0000-0383,32.82,Hot Chocolate,18,7,2024,21,19,41
985,card,ANON-0000-0000-0383,32.82,Latte,18,7,2024,21,21,59
986,card,ANON-0000-0000-0384,32.82,Latte,18,7,2024,21,46,18
987,card,ANON-0000-0000-0375,23.02,Americano,19,7,2024,11,3,2
988,card,ANON-0000-0000-0385,27.92,Americano with Milk,19,7,2024,11,16,20
989,card,ANON-0000-0000-0386,32.82,Latte,19,7,2024,12,58,37
990,card,ANON-0000-0000-0386,27.92,Americano with Milk,19,7,2024,12,59,55
991,card,ANON-0000-0000-0384,32.82,Latte,19,7,2024,14,9,20
992,card,ANON-0000-0000-0384,32.82,Cocoa,19,7,2024,14,11,22
993,card,ANON-0000-0000-0384,32.82,Latte,19,7,2024,16,36,19
994,card,ANON-0000-0000-0384,32.82,Latte,19,7,2024,16,37,35
995,card,ANON-0000-0000-0387,23.02,Americano,20,7,2024,8,5,44
996,card,ANON-0000-0000-0387,32.82,Latte,20,7,2024,8,6,48
997,card,ANON-0000-0000-0387,23.02,Americano,20,7,2024,8,7,51
998,card,ANON-0000-0000-0388,32.82,Latte,20,7,2024,9,0,53
999,card,ANON-0000-0000-0389,32.82,Latte,20,7,2024,9,2,27
1000,card,ANON-0000-0000-0390,23.02,Americano,20,7,2024,10,39,21
1001,card,ANON-0000-0000-0391,32.82,Latte,20,7,2024,15,15,9
1002,card,ANON-0000-0000-0367,32.82,Cocoa,21,7,2024,10,30,55
1003,card,ANON-0000-0000-0392,32.82,Cappuccino,21,7,2024,11,39,28
1004,card,ANON-0000-0000-0393,23.02,Cortado,21,7,2024,13,34,30
1005,card,ANON-0000-0000-0394,32.82,Latte,21,7,2024,13,42,31
1006,card,ANON-0000-0000-0375,23.02,Americano,22,7,2024,8,13,23
1007,card,ANON-0000-0000-0395,23.02,Americano,22,7,2024,8,40,49
1008,card,ANON-0000-0000-0385,27.92,Americano with Milk,22,7,2024,10,15,37
1009,card,ANON-0000-0000-0396,32.82,Latte,22,7,2024,16,44,37
1010,card,ANON-0000-0000-0197,32.82,Latte,23,7,2024,8,12,56
1011,card,ANON-0000-0000-0395,23.02,Americano,23,7,2024,8,40,18
1012,card,ANON-0000-0000-0397,27.92,Americano with Milk,23,7,2024,8,44,53
1013,card,ANON-0000-0000-0398,32.82,Cocoa,23,7,2024,8,49,25
1014,card,ANON-0000-0000-0399,32.82,Latte,23,7,2024,8,51,10
1015,card,ANON-0000-0000-0375,23.02,Americano,23,7,2024,9,1,45
1016,card,ANON-0000-0000-0400,27.92,Americano with Milk,23,7,2024,10,3,36
1017,card,ANON-0000-0000-0401,27.92,Americano with Milk,23,7,2024,15,20,4
1018,card,ANON-0000-0000-0401,32.82,Latte,23,7,2024,15,21,1
1019,card,ANON-0000-0000-0009,32.82,Latte,23,7,2024,21,1,40
1020,card,ANON-0000-0000-0012,23.02,Americano,23,7,2024,21,23,13
1021,card,ANON-0000-0000-0012,23.02,Americano,23,7,2024,21,24,22
1022,card,ANON-0000-0000-0097,27.92,Americano with Milk,24,7,2024,9,16,9
1023,card,ANON-0000-0000-0385,27.92,Americano with Milk,24,7,2024,9,38,55
1024,card,ANON-0000-0000-0402,18.12,Espresso,24,7,2024,9,54,37
1025,card,ANON-0000-0000-0379,32.82,Cappuccino,24,7,2024,11,43,53
1026,card,ANON-0000-0000-0399,32.82,Latte,24,7,2024,13,55,13
1027,card,ANON-0000-0000-0012,18.12,Espresso,24,7,2024,14,45,49
1028,card,ANON-0000-0000-0009,32.82,Latte,24,7,2024,15,18,30
1029,card,ANON-0000-0000-0205,32.82,Cappuccino,24,7,2024,19,15,5
1030,card,ANON-0000-0000-0205,32.82,Cappuccino,24,7,2024,19,16,59
1031,card,ANON-0000-0000-0040,27.92,Americano with Milk,24,7,2024,21,17,36
1032,card,ANON-0000-0000-0040,23.02,Americano,24,7,2024,21,18,41
1033,card,ANON-0000-0000-0012,23.02,Americano,24,7,2024,21,25,17
1034,card,ANON-0000-0000-0012,23.02,Americano,25,7,2024,7,54,47
1035,card,ANON-0000-0000-0399,32.82,Latte,25,7,2024,8,49,18
1036,card,ANON-0000-0000-0385,27.92,Americano with Milk,25,7,2024,10,29,44
1037,card,ANON-0000-0000-0375,23.02,Americano,25,7,2024,11,26,4
1038,card,ANON-0000-0000-0403,32.82,Cappuccino,25,7,2024,15,25,6
1039,card,ANON-0000-0000-0257,32.82,Cappuccino,25,7,2024,19,21,0
1040,card,ANON-0000-0000-0404,23.02,Cortado,25,7,2024,21,6,1
1041,card,ANON-0000-0000-0404,18.12,Espresso,25,7,2024,21,6,50
1042,card,ANON-0000-0000-0328,23.02,Cortado,25,7,2024,22,38,51
1043,card,ANON-0000-0000-0405,32.82,Cocoa,25,7,2024,22,39,46
1044,card,ANON-0000-0000-0406,32.82,Latte,26,7,2024,8,33,1
1045,card,ANON-0000-0000-0097,27.92,Americano with Milk,26,7,2024,9,19,37
1046,card,ANON-0000-0000-0059,18.12,Espresso,26,7,2024,9,20,34
1047,card,ANON-0000-0000-0407,23.02,Cortado,26,7,2024,9,33,11
1048,card,ANON-0000-0000-0407,23.02,Cortado,26,7,2024,9,34,16
1049,card,ANON-0000-0000-0408,32.82,Latte,26,7,2024,9,59,7
1050,card,ANON-0000-0000-0408,32.82,Latte,26,7,2024,10,0,2
1051,card,ANON-0000-0000-0385,27.92,Americano with Milk,26,7,2024,11,47,13
1052,card,ANON-0000-0000-0379,27.92,Americano with Milk,26,7,2024,12,7,1
1053,card,ANON-0000-0000-0339,32.82,Cappuccino,26,7,2024,12,28,8
1054,card,ANON-0000-0000-0339,32.82,Cappuccino,26,7,2024,12,29,17
1055,card,ANON-0000-0000-0409,32.82,Latte,26,7,2024,13,9,56
1056,card,ANON-0000-0000-0410,23.02,Americano,26,7,2024,17,23,29
1057,card,ANON-0000-0000-0411,32.82,Cappuccino,26,7,2024,17,58,29
1058,card,ANON-0000-0000-0009,32.82,Latte,26,7,2024,21,15,9
1059,card,ANON-0000-0000-0412,27.92,Americano with Milk,26,7,2024,22,49,52
1060,card,ANON-0000-0000-0097,32.82,Cappuccino,27,7,2024,9,9,16
1061,card,ANON-0000-0000-0413,27.92,Americano with Milk,27,7,2024,11,55,31
1062,card,ANON-0000-0000-0059,27.92,Americano with Milk,27,7,2024,12,25,10
1063,card,ANON-0000-0000-0040,18.12,Espresso,27,7,2024,12,26,13
1064,card,ANON-0000-0000-0059,27.92,Americano with Milk,27,7,2024,12,33,23
1065,card,ANON-0000-0000-0225,18.12,Espresso,27,7,2024,14,28,41
1066,card,ANON-0000-0000-0077,32.82,Latte,27,7,2024,14,51,53
1067,card,ANON-0000-0000-0414,32.82,Cappuccino,27,7,2024,17,2,33
1068,card,ANON-0000-0000-0415,32.82,Cappuccino,27,7,2024,17,3,39
1069,card,ANON-0000-0000-0416,27.92,Americano with Milk,27,7,2024,17,9,0
1070,card,ANON-0000-0000-0416,27.92,Americano with Milk,27,7,2024,17,10,8
1071,card,ANON-0000-0000-0009,32.82,Latte,27,7,2024,20,55,20
1072,card,ANON-0000-0000-0417,32.82,Cappuccino,27,7,2024,22,56,23
1073,card,ANON-0000-0000-0012,18.12,Espresso,28,7,2024,11,7,25
1074,card,ANON-0000-0000-0276,27.92,Americano with Milk,28,7,2024,14,17,54
1075,card,ANON-0000-0000-0276,32.82,Latte,28,7,2024,14,18,52
1076,card,ANON-0000-0000-0418,32.82,Latte,29,7,2024,8,12,6
1077,card,ANON-0000-0000-0012,23.02,Americano,29,7,2024,9,4,47
1078,card,ANON-0000-0000-0097,27.92,Americano with Milk,29,7,2024,9,15,46
1079,card,ANON-0000-0000-0003,23.02,Americano,29,7,2024,9,19,44
1080,card,ANON-0000-0000-0419,27.92,Americano with Milk,29,7,2024,9,51,24
1081,card,ANON-0000-0000-0420,32.82,Cappuccino,29,7,2024,9,58,29
1082,card,ANON-0000-0000-0421,32.82,Hot Chocolate,29,7,2024,10,43,43
1083,card,ANON-0000-0000-0421,32.82,Hot Chocolate,29,7,2024,10,44,55
1084,card,ANON-0000-0000-0422,32.82,Cappuccino,29,7,2024,19,6,31
1085,card,ANON-0000-0000-0099,23.02,Americano,29,7,2024,19,30,16
1086,card,ANON-0000-0000-0328,32.82,Cocoa,29,7,2024,21,57,34
1087,card,ANON-0000-0000-0423,27.92,Americano with Milk,30,7,2024,7,41,10
1088,card,ANON-0000-0000-0424,23.02,Cortado,30,7,2024,8,5,7
1089,card,ANON-0000-0000-0425,32.82,Cappuccino,30,7,2024,8,20,51
1090,card,ANON-0000-0000-0097,27.92,Americano with Milk,30,7,2024,9,13,43
1091,card,ANON-0000-0000-0141,23.02,Cortado,30,7,2024,10,17,11
1092,card,ANON-0000-0000-0276,27.92,Americano with Milk,30,7,2024,10,19,34
1093,card,ANON-0000-0000-0250,32.82,Latte,30,7,2024,10,23,20
1094,card,ANON-0000-0000-0426,23.02,Americano,30,7,2024,11,12,7
1095,card,ANON-0000-0000-0426,18.12,Espresso,30,7,2024,11,13,16
1096,card,ANON-0000-0000-0427,27.92,Americano with Milk,30,7,2024,11,14,41
1097,card,ANON-0000-0000-0428,27.92,Americano with Milk,30,7,2024,11,16,1
1098,card,ANON-0000-0000-0429,27.92,Americano with Milk,30,7,2024,11,30,34
1099,card,ANON-0000-0000-0430,27.92,Americano with Milk,30,7,2024,11,31,40
1100,card,ANON-0000-0000-0431,32.82,Latte,30,7,2024,12,8,7
1101,card,ANON-0000-0000-0432,27.92,Americano with Milk,30,7,2024,15,16,9
1102,card,ANON-0000-0000-0433,23.02,Cortado,30,7,2024,16,8,52
1103,card,ANON-0000-0000-0433,27.92,Americano with Milk,30,7,2024,16,9,43
1104,card,ANON-0000-0000-0434,18.12,Espresso,30,7,2024,20,24,19
1105,card,ANON-0000-0000-0097,27.92,Americano with Milk,30,7,2024,20,53,51
1106,card,ANON-0000-0000-0097,27.92,Americano with Milk,30,7,2024,20,54,46
1107,card,ANON-0000-0000-0347,27.92,Americano with Milk,30,7,2024,20,57,2
1108,card,ANON-0000-0000-0435,32.82,Latte,30,7,2024,21,33,19
1109,card,ANON-0000-0000-0436,23.02,Americano,30,7,2024,22,15,21
1110,card,ANON-0000-0000-0436,32.82,Cappuccino,30,7,2024,22,16,19
1111,card,ANON-0000-0000-0423,27.92,Americano with Milk,31,7,2024,7,59,52
1112,card,ANON-0000-0000-0437,27.92,Americano with Milk,31,7,2024,8,37,41
1113,card,ANON-0000-0000-0437,27.92,Americano with Milk,31,7,2024,8,38,38
1114,card,ANON-0000-0000-0388,23.02,Americano,31,7,2024,9,54,45
1115,card,ANON-0000-0000-0388,23.02,Americano,31,7,2024,9,55,45
1116,card,ANON-0000-0000-0276,27.92,Americano with Milk,31,7,2024,9,58,15
1117,card,ANON-0000-0000-0384,32.82,Cocoa,31,7,2024,13,11,42
1118,card,ANON-0000-0000-0384,32.82,Latte,31,7,2024,13,14,0
1119,card,ANON-0000-0000-0438,27.92,Americano with Milk,31,7,2024,13,24,49
1120,card,ANON-0000-0000-0439,23.02,Cortado,31,7,2024,17,48,6
1121,card,ANON-0000-0000-0440,32.82,Latte,31,7,2024,18,4,14
1122,card,ANON-0000-0000-0441,23.02,Cortado,31,7,2024,19,22,38
1123,card,ANON-0000-0000-0009,32.82,Latte,31,7,2024,19,28,45
1124,card,ANON-0000-0000-0442,32.82,Cocoa,31,7,2024,20,46,42
1125,card,ANON-0000-0000-0443,23.02,Cortado,31,7,2024,20,50,7
1126,card,ANON-0000-0000-0443,32.82,Latte,31,7,2024,20,51,10
1127,card,ANON-0000-0000-0153,32.82,Cappuccino,31,7,2024,20,52,14
1128,card,ANON-0000-0000-0443,23.02,Cortado,31,7,2024,20,53,35
1129,card,ANON-0000-0000-0040,27.92,Americano with Milk,31,7,2024,20,59,25
1130,card,ANON-0000-0000-0444,32.82,Latte,31,7,2024,21,26,26
1131,card,ANON-0000-0000-0445,32.82,Latte,31,7,2024,21,54,11
1132,card,ANON-0000-0000-0446,32.82,Latte,31,7,2024,21,55,16
